Customer ID,Duration,Purchase Amount,Representative,Date of Call
INZ038,6,66,IN03,14-Mar-19
INZ164,22,46,IN03,26-Mar-19
INZ137,47,23,IN06,3-May-19
INZ088,130,154,IN04,24-Feb-19
INZ147,60,66,IN03,2-Nov-19
INZ248,41,22,IN04,19-Apr-19
INZ152,118,193,IN05,1-May-19
INZ140,124,106,IN03,2-Aug-19
INZ154,88,31,IN04,2-Jul-19
INZ058,148,194,IN02,13-Jan-19
INZ163,145,49,IN02,4-Dec-19
INZ252,146,150,IN03,27-Jan-19
INZ238,136,131,IN04,20-Dec-19
INZ298,19,199,IN05,4-Jun-19
INZ098,98,129,IN02,20-Dec-19
INZ009,83,178,IN03,27-Aug-19
INZ279,119,3,IN06,7-Jul-19
INZ263,56,102,IN04,19-Oct-19
INZ163,18,25,IN07,15-Nov-19
INZ049,33,70,IN07,30-May-19
INZ244,15,72,IN07,18-Sep-19
INZ083,128,48,IN04,29-May-19
INZ135,22,42,IN05,3-Apr-19
INZ003,70,88,IN06,16-Oct-19
INZ094,80,185,IN03,8-Nov-19
INZ103,84,3,IN04,27-Jan-19
INZ075,129,108,IN07,14-Jan-19
INZ166,43,160,IN02,19-Oct-19
INZ082,84,155,IN05,12-Dec-19
INZ231,1,30,IN04,8-Jan-19
INZ224,25,148,IN06,7-Mar-19
INZ251,36,70,IN03,9-Dec-19
INZ128,66,58,IN01,14-Aug-19
INZ004,20,105,IN02,2-Jun-19
INZ154,78,92,IN03,8-Aug-19
INZ296,41,87,IN06,17-Sep-19
INZ172,139,124,IN06,14-Aug-19
INZ297,109,199,IN05,29-Nov-19
INZ229,127,159,IN04,12-Aug-19
INZ046,134,51,IN04,16-Apr-19
INZ298,40,182,IN03,11-May-19
INZ052,150,70,IN03,16-May-19
INZ148,46,108,IN06,1-Nov-19
INZ047,53,129,IN04,31-Jul-19
INZ142,47,77,IN07,30-Jun-19
INZ130,77,165,IN01,5-Aug-19
INZ175,137,128,IN05,2-Nov-19
INZ289,32,123,IN06,22-Aug-19
INZ298,41,80,IN01,5-Jan-19
INZ277,150,148,IN07,10-May-19
INZ154,150,54,IN07,4-Mar-19
INZ159,9,103,IN05,19-Nov-19
INZ146,48,42,IN04,8-Oct-19
INZ106,97,67,IN03,22-Apr-19
INZ231,47,46,IN01,24-Nov-19
INZ042,3,118,IN04,6-Dec-19
INZ062,37,85,IN02,13-Dec-19
INZ151,3,155,IN07,1-Oct-19
INZ241,50,184,IN05,3-Mar-19
INZ138,87,148,IN02,20-Dec-19
INZ265,130,195,IN04,16-Mar-19
INZ257,3,71,IN01,20-May-19
INZ220,70,88,IN05,1-Dec-19
INZ177,101,123,IN06,14-Oct-19
INZ169,110,182,IN03,6-Aug-19
INZ050,41,119,IN06,12-Jul-19
INZ100,91,139,IN06,22-Jun-19
INZ122,142,124,IN06,29-May-19
INZ197,144,78,IN01,22-Jun-19
INZ248,82,103,IN06,9-Mar-19
INZ263,80,37,IN07,8-Mar-19
INZ206,51,29,IN01,27-Nov-19
INZ086,62,100,IN06,5-Mar-19
INZ123,71,171,IN06,6-Nov-19
INZ280,19,45,IN01,2-Mar-19
INZ117,147,170,IN03,11-Aug-19
INZ178,12,66,IN01,8-Mar-19
INZ242,48,182,IN06,19-May-19
INZ067,136,195,IN02,28-Jan-19
INZ031,64,123,IN01,21-May-19
INZ269,105,124,IN05,31-Oct-19
INZ154,145,159,IN01,9-Dec-19
INZ261,52,21,IN06,3-Mar-19
INZ214,36,133,IN02,26-May-19
INZ230,29,34,IN05,10-Apr-19
INZ186,42,141,IN07,27-Apr-19
INZ251,62,176,IN03,1-Aug-19
INZ118,62,49,IN02,22-May-19
INZ056,98,56,IN01,9-Feb-19
INZ258,54,177,IN01,25-Sep-19
INZ008,141,182,IN07,4-Jul-19
INZ095,11,168,IN02,7-Apr-19
INZ165,113,163,IN06,13-Sep-19
INZ118,18,172,IN06,9-May-19
INZ050,123,84,IN02,22-Mar-19
INZ173,70,66,IN07,14-Mar-19
INZ138,24,163,IN06,23-Jan-19
INZ060,115,35,IN06,18-Oct-19
INZ189,109,176,IN07,13-Apr-19
INZ036,96,54,IN03,18-Feb-19
INZ227,3,111,IN06,10-Feb-19
INZ273,32,183,IN07,29-Sep-19
INZ282,86,114,IN03,5-Nov-19
INZ044,147,84,IN02,9-Nov-19
INZ177,125,112,IN02,3-Nov-19
INZ294,122,171,IN05,31-Jan-19
INZ123,76,124,IN02,11-Sep-19
INZ056,33,152,IN04,19-Apr-19
INZ083,120,144,IN02,6-Feb-19
INZ039,8,120,IN02,23-Apr-19
INZ182,124,12,IN05,6-Oct-19
INZ071,12,72,IN01,19-Jul-19
INZ052,62,92,IN07,15-Nov-19
INZ137,32,31,IN02,9-Oct-19
INZ037,30,73,IN03,5-Apr-19
INZ055,54,63,IN07,22-Feb-19
INZ041,57,159,IN01,3-May-19
INZ128,12,77,IN07,26-Aug-19
INZ265,79,22,IN02,24-Feb-19
INZ092,112,110,IN07,4-May-19
INZ132,34,149,IN04,2-Dec-19
INZ277,135,1,IN04,10-Jul-19
INZ108,77,3,IN06,27-Apr-19
INZ143,140,10,IN04,26-Nov-19
INZ238,92,196,IN06,4-Nov-19
INZ209,87,159,IN01,24-Nov-19
INZ069,76,167,IN03,26-Apr-19
INZ267,2,75,IN04,9-Dec-19
INZ144,93,10,IN07,28-Jun-19
INZ238,3,115,IN02,9-Dec-19
INZ197,63,43,IN04,10-Apr-19
INZ138,63,58,IN04,26-Mar-19
INZ126,91,57,IN07,29-Nov-19
INZ110,66,47,IN04,22-May-19
INZ238,145,159,IN02,27-Mar-19
INZ228,75,175,IN07,20-Aug-19
INZ246,68,63,IN04,21-Oct-19
INZ028,117,6,IN03,30-Jan-19
INZ119,80,121,IN05,29-Jan-19
INZ205,78,66,IN04,30-Sep-19
INZ283,122,45,IN01,11-Feb-19
INZ176,67,48,IN06,12-Jan-19
INZ269,140,70,IN03,17-Sep-19
INZ267,11,50,IN07,23-Sep-19
INZ075,89,14,IN01,26-Oct-19
INZ285,143,123,IN03,26-Jul-19
INZ064,123,123,IN05,29-Aug-19
INZ025,86,178,IN06,27-Oct-19
INZ019,37,154,IN04,24-Jan-19
INZ008,74,160,IN03,23-Apr-19
INZ100,23,24,IN05,27-May-19
INZ126,143,111,IN05,15-Jan-19
INZ296,37,2,IN01,13-Nov-19
INZ168,35,109,IN03,29-Apr-19
INZ048,44,85,IN01,17-Feb-19
INZ098,4,138,IN05,18-Dec-19
INZ044,111,110,IN03,1-Mar-19
INZ174,41,1,IN02,2-Aug-19
INZ184,1,191,IN04,2-Oct-19
INZ291,34,119,IN02,31-Aug-19
INZ275,45,36,IN01,5-Apr-19
INZ144,119,10,IN05,25-Jun-19
INZ276,21,99,IN05,17-Jun-19
INZ083,73,22,IN04,20-Aug-19
INZ013,2,57,IN04,6-Aug-19
INZ001,51,78,IN02,11-May-19
INZ234,36,89,IN01,19-Dec-19
INZ043,8,52,IN04,13-Feb-19
INZ050,72,122,IN05,6-Jul-19
INZ200,132,33,IN05,13-Jan-19
INZ264,15,177,IN02,25-Jan-19
INZ248,139,67,IN03,23-Apr-19
INZ159,96,200,IN01,7-May-19
INZ065,24,142,IN06,24-May-19
INZ162,124,4,IN04,13-Nov-19
INZ131,48,114,IN05,21-Feb-19
INZ217,59,146,IN03,21-Mar-19
INZ169,104,123,IN01,18-Dec-19
INZ042,70,97,IN05,6-Jul-19
INZ186,71,133,IN04,14-Oct-19
INZ082,139,149,IN01,26-Sep-19
INZ294,91,191,IN04,13-Nov-19
INZ264,31,10,IN04,26-Feb-19
INZ154,73,142,IN05,29-Aug-19
INZ071,20,19,IN05,3-Oct-19
INZ077,43,29,IN02,6-Dec-19
INZ006,100,78,IN07,9-Dec-19
INZ176,74,44,IN02,24-Sep-19
INZ130,97,34,IN03,14-Oct-19
INZ118,98,138,IN07,15-Mar-19
INZ297,90,96,IN07,20-Oct-19
INZ105,35,109,IN06,25-Jun-19
INZ062,95,180,IN01,13-Mar-19
INZ196,146,87,IN04,16-Jun-19
INZ094,90,29,IN01,28-Apr-19
INZ145,67,34,IN04,6-Mar-19
INZ273,29,155,IN06,15-Jun-19
INZ049,106,70,IN06,21-Jan-19
INZ225,22,181,IN05,12-Jul-19
INZ293,39,73,IN01,24-Aug-19
INZ009,8,70,IN03,5-Nov-19
INZ091,1,115,IN04,9-Nov-19
INZ180,128,146,IN05,7-Sep-19
INZ128,41,21,IN02,31-Jan-19
INZ080,10,170,IN02,26-Sep-19
INZ049,97,132,IN01,27-Nov-19
INZ153,31,196,IN01,11-Feb-19
INZ073,58,35,IN01,25-Sep-19
INZ030,36,83,IN03,22-Aug-19
INZ120,103,127,IN02,16-Oct-19
INZ204,123,169,IN07,30-May-19
INZ275,110,66,IN03,31-Oct-19
INZ226,83,114,IN07,10-Apr-19
INZ042,63,114,IN04,16-Jul-19
INZ300,2,181,IN05,4-Sep-19
INZ194,124,116,IN06,18-Sep-19
INZ144,142,7,IN04,3-Apr-19
INZ009,84,178,IN04,1-Mar-19
INZ227,74,192,IN06,8-May-19
INZ060,1,193,IN02,22-Aug-19
INZ109,143,142,IN05,21-Oct-19
INZ116,9,162,IN07,10-Apr-19
INZ227,34,69,IN03,20-Nov-19
INZ139,49,51,IN01,27-Nov-19
INZ197,74,39,IN07,29-Nov-19
INZ208,116,163,IN02,16-Aug-19
INZ125,50,51,IN02,21-Jul-19
INZ004,113,65,IN05,30-Jul-19
INZ117,107,127,IN02,9-Apr-19
INZ248,102,62,IN04,24-Nov-19
INZ249,121,53,IN04,12-Jul-19
INZ061,60,168,IN07,7-Apr-19
INZ092,80,60,IN05,27-May-19
INZ073,110,102,IN01,11-May-19
INZ219,17,19,IN07,2-Aug-19
INZ235,56,190,IN05,15-Apr-19
INZ245,31,33,IN07,30-Apr-19
INZ008,41,53,IN01,22-Nov-19
INZ174,97,200,IN02,3-Sep-19
INZ138,147,121,IN01,18-Mar-19
INZ255,64,12,IN03,19-Jul-19
INZ270,81,199,IN05,8-Jun-19
INZ135,41,149,IN05,20-Nov-19
INZ291,97,166,IN01,28-Jan-19
INZ267,132,8,IN03,25-Mar-19
INZ194,8,63,IN04,18-Jan-19
INZ182,136,37,IN02,22-Jun-19
INZ178,80,185,IN05,10-Jan-19
INZ050,66,51,IN04,10-Feb-19
INZ057,70,7,IN05,17-Jul-19
INZ252,70,185,IN04,6-Jul-19
INZ092,114,118,IN01,6-Dec-19
INZ195,40,136,IN05,22-May-19
INZ042,5,153,IN06,14-Dec-19
INZ060,33,102,IN04,7-Sep-19
INZ056,37,91,IN02,23-Jul-19
INZ109,54,8,IN05,20-Nov-19
INZ211,8,104,IN06,12-Oct-19
INZ286,115,160,IN05,17-Jan-19
INZ296,100,83,IN06,22-Nov-19
INZ288,127,108,IN01,14-Dec-19
INZ052,114,59,IN03,15-May-19
INZ067,126,10,IN04,8-Aug-19
INZ232,89,54,IN02,6-Mar-19
INZ117,123,78,IN06,5-Jan-19
INZ247,70,66,IN05,22-Feb-19
INZ235,24,91,IN06,26-Oct-19
INZ185,91,107,IN05,22-Aug-19
INZ112,72,126,IN04,28-Sep-19
INZ053,93,155,IN04,6-Jun-19
INZ185,92,197,IN04,1-Oct-19
INZ235,103,130,IN02,30-Jun-19
INZ007,139,43,IN03,12-Jan-19
INZ137,103,96,IN04,10-May-19
INZ159,21,45,IN02,18-Nov-19
INZ058,146,19,IN07,18-Apr-19
INZ010,51,125,IN07,13-Jun-19
INZ237,18,14,IN01,4-Dec-19
INZ245,77,35,IN03,3-May-19
INZ076,56,160,IN03,5-Jun-19
INZ170,93,106,IN02,1-Dec-19
INZ048,146,2,IN03,20-Nov-19
INZ024,146,53,IN03,2-Dec-19
INZ039,34,89,IN04,18-Feb-19
INZ076,101,64,IN05,1-Aug-19
INZ077,150,34,IN01,7-Jul-19
INZ010,43,111,IN07,4-Aug-19
INZ160,1,198,IN05,15-Aug-19
INZ180,78,15,IN02,6-Nov-19
INZ104,136,81,IN04,26-Aug-19
INZ258,83,0,IN02,19-Feb-19
INZ085,147,16,IN06,4-Jun-19
INZ170,127,62,IN06,8-Oct-19
INZ206,70,71,IN02,2-Jul-19
INZ147,14,120,IN01,12-Apr-19
INZ112,86,96,IN07,30-Mar-19
INZ116,78,11,IN04,13-Jul-19
INZ294,132,7,IN02,7-Oct-19
INZ090,33,23,IN07,23-Sep-19
INZ184,35,50,IN03,5-Dec-19
INZ174,116,57,IN01,29-Jan-19
INZ271,115,129,IN04,15-Feb-19
INZ298,68,131,IN07,23-Nov-19
INZ244,4,7,IN06,20-Jun-19
INZ085,125,170,IN04,23-Nov-19
INZ276,63,196,IN06,25-Aug-19
INZ010,97,189,IN07,16-Apr-19
INZ110,29,131,IN05,11-Feb-19
INZ071,84,137,IN03,25-Jun-19
INZ236,97,7,IN03,6-Aug-19
INZ170,127,98,IN07,13-Feb-19
INZ290,131,108,IN04,8-Apr-19
INZ058,21,166,IN07,1-Aug-19
INZ028,50,64,IN04,17-Aug-19
INZ290,103,134,IN03,14-Dec-19
INZ101,127,196,IN02,25-Jun-19
INZ292,121,8,IN03,14-Jul-19
INZ208,95,34,IN03,27-Apr-19
INZ115,102,191,IN01,25-Apr-19
INZ148,147,138,IN03,15-Aug-19
INZ133,29,179,IN05,14-Dec-19
INZ188,64,146,IN03,25-Sep-19
INZ043,106,198,IN02,28-Mar-19
INZ167,41,195,IN05,17-Nov-19
INZ189,121,64,IN04,28-Apr-19
INZ223,127,86,IN06,1-Apr-19
INZ255,30,182,IN07,8-Aug-19
INZ263,149,170,IN01,7-Jan-19
INZ231,70,85,IN06,5-Sep-19
INZ006,10,38,IN02,31-Oct-19
INZ214,46,124,IN02,25-Jul-19
INZ206,59,44,IN01,23-Aug-19
INZ209,56,118,IN06,8-Apr-19
INZ274,22,0,IN04,26-May-19
INZ001,9,25,IN07,2-Jul-19
INZ103,84,151,IN04,19-Apr-19
INZ299,127,123,IN05,12-Jan-19
INZ055,68,9,IN02,13-Sep-19
INZ144,16,65,IN05,3-Aug-19
INZ163,37,160,IN06,18-Dec-19
INZ021,38,105,IN01,12-Jan-19
INZ119,65,73,IN04,15-May-19
INZ233,13,25,IN03,14-Jun-19
INZ245,123,91,IN04,27-Nov-19
INZ008,69,41,IN05,15-Mar-19
INZ300,99,171,IN03,28-Oct-19
INZ055,32,48,IN04,5-Dec-19
INZ192,53,58,IN03,28-Mar-19
INZ295,145,68,IN02,2-Sep-19
INZ249,92,179,IN06,12-Jul-19
INZ160,68,41,IN06,26-Feb-19
INZ001,93,66,IN02,24-Feb-19
INZ035,140,61,IN04,10-Jan-19
INZ008,56,134,IN06,2-Jun-19
INZ286,141,63,IN04,29-Mar-19
INZ050,87,44,IN07,24-Feb-19
INZ125,94,195,IN06,2-Jul-19
INZ066,148,96,IN02,4-Jul-19
INZ222,91,192,IN07,26-Jun-19
INZ079,84,66,IN06,12-Dec-19
INZ248,5,170,IN07,6-Nov-19
INZ289,144,85,IN05,18-Oct-19
INZ247,48,85,IN06,20-Aug-19
INZ207,45,118,IN02,23-Jun-19
INZ193,62,197,IN05,3-Sep-19
INZ127,15,163,IN04,15-May-19
INZ173,73,127,IN07,9-Feb-19
INZ207,143,3,IN01,2-Aug-19
INZ134,124,0,IN02,20-Nov-19
INZ041,107,172,IN03,19-Aug-19
INZ233,15,183,IN01,13-Jun-19
INZ270,11,138,IN05,15-Jun-19
INZ035,28,9,IN04,7-Feb-19
INZ147,14,188,IN02,18-Feb-19
INZ148,56,58,IN06,29-Oct-19
INZ174,103,135,IN01,10-Oct-19
INZ180,68,16,IN02,7-Oct-19
INZ109,52,133,IN05,17-Jan-19
INZ186,142,187,IN05,19-Jul-19
INZ114,34,196,IN02,9-Dec-19
INZ228,34,78,IN06,12-Nov-19
INZ249,105,188,IN02,28-May-19
INZ177,26,80,IN07,30-Jul-19
INZ031,15,50,IN02,13-Oct-19
INZ055,8,103,IN06,20-Jul-19
INZ101,7,33,IN02,14-Jul-19
INZ237,5,106,IN01,5-Feb-19
INZ051,105,58,IN05,4-Jun-19
INZ295,128,44,IN03,20-Mar-19
INZ115,66,2,IN03,8-Jun-19
INZ042,69,191,IN04,8-Nov-19
INZ264,84,139,IN01,20-Dec-19
INZ231,107,114,IN03,7-Mar-19
INZ235,92,70,IN01,12-Jan-19
INZ208,147,197,IN07,22-Nov-19
INZ183,13,137,IN01,19-Aug-19
INZ012,100,122,IN01,21-Mar-19
INZ058,55,80,IN07,12-Jun-19
INZ272,141,23,IN07,26-Nov-19
INZ293,91,37,IN07,15-Jan-19
INZ073,21,200,IN02,2-Jun-19
INZ041,35,141,IN02,4-Nov-19
INZ227,10,189,IN03,17-Feb-19
INZ270,110,111,IN03,14-Jul-19
INZ004,115,174,IN05,28-Nov-19
INZ268,1,36,IN05,26-Jul-19
INZ211,34,67,IN02,8-Feb-19
INZ270,149,152,IN05,4-Sep-19
INZ077,47,117,IN02,11-Aug-19
INZ055,30,200,IN07,15-May-19
INZ018,74,107,IN06,15-Nov-19
INZ164,95,20,IN06,23-Sep-19
INZ141,85,78,IN03,25-Mar-19
INZ298,51,187,IN05,4-Aug-19
INZ206,34,4,IN01,5-Sep-19
INZ184,27,131,IN06,27-Oct-19
INZ280,138,113,IN07,6-Mar-19
INZ194,24,160,IN07,4-Aug-19
INZ094,45,96,IN02,16-Aug-19
INZ079,52,16,IN04,26-Aug-19
INZ204,145,167,IN01,29-Aug-19
INZ277,102,122,IN04,15-Feb-19
INZ055,66,170,IN04,10-Oct-19
INZ214,116,105,IN01,16-Dec-19
INZ029,64,172,IN01,10-Apr-19
INZ218,90,155,IN07,5-Sep-19
INZ225,64,186,IN01,26-Nov-19
INZ086,5,81,IN07,12-Oct-19
INZ133,119,127,IN03,3-Jul-19
INZ205,76,43,IN02,10-Apr-19
INZ094,114,88,IN03,1-Aug-19
INZ118,94,97,IN06,23-Jul-19
INZ090,98,38,IN05,1-Mar-19
INZ024,147,80,IN05,23-Aug-19
INZ283,36,185,IN07,18-Jan-19
INZ152,19,18,IN05,18-Mar-19
INZ228,115,186,IN05,2-Jul-19
INZ241,8,162,IN01,5-May-19
INZ078,23,149,IN05,13-Aug-19
INZ019,38,128,IN07,25-Jun-19
INZ067,46,76,IN04,31-May-19
INZ255,101,66,IN06,19-Jan-19
INZ180,86,138,IN02,6-Feb-19
INZ100,89,177,IN04,8-Feb-19
INZ072,109,7,IN03,22-Jun-19
INZ170,56,27,IN07,2-Apr-19
INZ010,65,199,IN03,24-Jun-19
INZ028,103,102,IN04,19-Aug-19
INZ262,57,166,IN06,22-Oct-19
INZ297,134,3,IN06,26-Sep-19
INZ045,62,18,IN05,4-Mar-19
INZ053,123,182,IN06,26-Jul-19
INZ146,136,182,IN04,1-Jun-19
INZ300,61,194,IN01,9-Jun-19
INZ143,23,149,IN03,19-Sep-19
INZ159,115,24,IN05,17-Apr-19
INZ075,43,114,IN03,2-Sep-19
INZ162,55,169,IN02,16-Dec-19
INZ106,150,88,IN03,18-Jun-19
INZ211,30,16,IN02,17-Aug-19
INZ182,73,153,IN02,30-Sep-19
INZ245,98,68,IN05,15-Jun-19
INZ226,128,187,IN07,2-Mar-19
INZ098,77,84,IN01,10-Feb-19
INZ219,141,116,IN05,12-Mar-19
INZ111,114,174,IN01,6-Jan-19
INZ222,92,105,IN07,23-Jun-19
INZ294,33,16,IN07,12-Jul-19
INZ052,52,82,IN06,10-Jun-19
INZ074,17,76,IN02,1-Aug-19
INZ048,23,150,IN05,24-Jul-19
INZ292,68,106,IN04,6-Feb-19
INZ192,125,135,IN01,18-Apr-19
INZ069,14,156,IN07,27-Nov-19
INZ197,28,198,IN01,2-Jul-19
INZ004,85,182,IN06,14-Dec-19
INZ134,23,182,IN06,24-Jan-19
INZ127,65,141,IN03,22-Apr-19
INZ014,92,91,IN05,6-Aug-19
INZ097,38,128,IN07,3-Feb-19
INZ239,65,118,IN02,15-Mar-19
INZ003,53,103,IN02,15-Jun-19
INZ038,89,94,IN01,28-Nov-19
INZ202,51,171,IN07,27-Feb-19
INZ043,86,134,IN07,6-Apr-19
INZ223,43,119,IN01,22-Sep-19
INZ102,138,181,IN02,30-Apr-19
INZ079,114,144,IN06,10-May-19
INZ204,54,130,IN02,23-Jan-19
INZ155,22,149,IN01,4-Jul-19
INZ038,10,39,IN05,25-Sep-19
INZ260,150,34,IN05,21-Apr-19
INZ290,37,79,IN07,6-Oct-19
INZ146,124,121,IN02,24-Jan-19
INZ002,1,200,IN07,30-Apr-19
INZ244,91,33,IN04,20-Apr-19
INZ136,4,197,IN04,24-Apr-19
INZ072,58,126,IN05,20-Jun-19
INZ111,33,109,IN01,6-May-19
INZ032,84,191,IN07,16-Dec-19
INZ134,44,93,IN02,7-Feb-19
INZ135,65,23,IN04,6-Dec-19
INZ240,128,175,IN05,15-Oct-19
INZ120,46,121,IN03,22-Jan-19
INZ136,6,97,IN04,21-Jul-19
INZ197,96,103,IN04,1-Dec-19
INZ078,108,107,IN07,4-May-19
INZ272,139,48,IN02,14-Mar-19
INZ164,60,178,IN01,2-May-19
INZ132,75,97,IN04,20-Sep-19
INZ278,112,190,IN07,23-Jan-19
INZ194,57,2,IN01,4-Aug-19
INZ085,138,66,IN02,6-Mar-19
INZ034,25,137,IN02,30-Sep-19
INZ085,70,48,IN07,20-Mar-19
INZ058,65,159,IN02,2-Jun-19
INZ281,125,167,IN04,7-Jan-19
INZ171,150,60,IN06,4-Nov-19
INZ203,102,111,IN07,10-Nov-19
INZ268,77,140,IN04,27-Sep-19
INZ260,86,58,IN01,6-Jan-19
INZ226,104,191,IN02,27-Jan-19
INZ063,145,34,IN07,31-Aug-19
INZ213,89,158,IN03,17-Jan-19
INZ055,31,199,IN06,14-Feb-19
INZ064,64,80,IN03,19-Jul-19
INZ259,36,161,IN02,8-Oct-19
INZ025,58,146,IN04,26-Oct-19
INZ237,105,104,IN04,27-Feb-19
INZ070,48,54,IN03,1-Jul-19
INZ025,71,78,IN05,10-Oct-19
INZ299,35,161,IN04,20-Feb-19
INZ199,85,191,IN05,29-Jan-19
INZ299,5,99,IN07,7-Dec-19
INZ181,100,169,IN07,27-Nov-19
INZ215,121,188,IN01,26-Nov-19
INZ007,110,40,IN03,15-Oct-19
INZ159,123,115,IN03,10-May-19
INZ137,34,136,IN03,13-Aug-19
INZ237,138,0,IN04,16-Feb-19
INZ208,39,57,IN06,19-Jul-19
INZ031,104,163,IN03,26-Aug-19
INZ004,106,124,IN03,1-Feb-19
INZ097,38,1,IN02,8-Jan-19
INZ059,122,186,IN05,14-May-19
INZ174,32,111,IN07,9-Aug-19
INZ187,80,123,IN02,23-Feb-19
INZ006,96,132,IN02,24-Mar-19
INZ135,18,0,IN02,26-Jun-19
INZ136,112,153,IN02,5-Aug-19
INZ100,3,160,IN03,27-Jan-19
INZ127,127,52,IN04,20-Jun-19
INZ009,115,7,IN02,6-Jul-19
INZ241,14,71,IN06,7-Apr-19
INZ234,46,14,IN06,4-Mar-19
INZ073,72,50,IN06,31-Jan-19
INZ117,75,166,IN07,25-Oct-19
INZ132,147,68,IN02,3-May-19
INZ166,97,176,IN02,17-Aug-19
INZ206,123,190,IN07,30-Jul-19
INZ081,96,41,IN01,8-Nov-19
INZ277,133,114,IN02,22-May-19
INZ190,121,129,IN05,1-Dec-19
INZ095,125,111,IN02,21-Feb-19
INZ164,26,43,IN05,30-Aug-19
INZ109,108,33,IN02,5-May-19
INZ290,110,13,IN04,12-Jun-19
INZ092,118,52,IN02,11-Dec-19
INZ059,21,129,IN02,13-Dec-19
INZ118,47,139,IN04,26-Jul-19
INZ018,94,57,IN07,5-Feb-19
INZ270,71,15,IN02,22-Feb-19
INZ284,26,64,IN03,14-Sep-19
INZ219,142,18,IN01,3-Jul-19
INZ262,12,8,IN06,8-Nov-19
INZ268,26,52,IN03,15-Jun-19
INZ083,95,7,IN04,6-Feb-19
INZ025,64,174,IN02,11-Sep-19
INZ153,32,69,IN06,10-Nov-19
INZ274,40,3,IN02,21-Aug-19
INZ103,20,0,IN07,25-Mar-19
INZ279,99,40,IN03,16-Nov-19
INZ173,51,197,IN01,2-Nov-19
INZ288,62,137,IN07,21-Apr-19
INZ256,85,9,IN05,14-Dec-19
INZ218,23,21,IN05,1-Feb-19
INZ007,50,123,IN06,5-Mar-19
INZ067,145,18,IN01,8-Sep-19
INZ033,69,45,IN03,23-Aug-19
INZ050,95,127,IN01,1-Feb-19
INZ101,103,153,IN06,11-Dec-19
INZ257,3,97,IN05,18-Oct-19
INZ256,48,65,IN05,31-May-19
INZ108,91,77,IN07,18-Jul-19
INZ194,112,80,IN06,29-Nov-19
INZ173,110,5,IN03,10-Jul-19
INZ119,107,120,IN05,3-Feb-19
INZ042,65,130,IN05,15-Jul-19
INZ148,88,7,IN03,4-Nov-19
INZ240,6,100,IN03,30-Jan-19
INZ287,104,9,IN06,8-Dec-19
INZ203,29,57,IN04,3-Feb-19
INZ222,77,42,IN04,26-Mar-19
INZ187,92,5,IN05,14-May-19
INZ184,94,94,IN04,29-Sep-19
INZ182,133,21,IN04,19-Apr-19
INZ135,67,78,IN04,18-Oct-19
INZ295,64,28,IN06,8-Feb-19
INZ140,39,177,IN04,26-Aug-19
INZ231,104,125,IN05,1-Dec-19
INZ136,104,136,IN02,6-Mar-19
INZ183,21,3,IN07,14-Dec-19
INZ069,71,178,IN07,26-Aug-19
INZ179,113,82,IN02,12-Jul-19
INZ257,95,68,IN04,28-May-19
INZ156,53,137,IN05,25-Jul-19
INZ048,51,176,IN07,13-Sep-19
INZ075,124,70,IN05,24-Nov-19
INZ033,107,189,IN01,31-Mar-19
INZ155,22,58,IN01,10-Jan-19
INZ013,125,156,IN01,6-Jun-19
INZ044,132,137,IN05,30-Jun-19
INZ245,115,72,IN07,2-Nov-19
INZ127,13,82,IN06,13-Dec-19
INZ028,9,73,IN02,17-Feb-19
INZ228,46,174,IN05,1-Sep-19
INZ063,64,62,IN03,3-Mar-19
INZ201,54,8,IN05,4-Jun-19
INZ211,46,29,IN01,22-May-19
INZ071,83,124,IN02,19-Mar-19
INZ049,148,156,IN05,4-Oct-19
INZ104,13,137,IN06,15-Jan-19
INZ046,57,183,IN05,5-Apr-19
INZ083,23,21,IN03,11-Jul-19
INZ116,137,97,IN05,13-Dec-19
INZ153,137,81,IN07,11-Aug-19
INZ276,53,55,IN07,18-Dec-19
INZ116,47,14,IN01,4-Sep-19
INZ236,111,200,IN01,9-Dec-19
INZ071,47,144,IN05,18-Aug-19
INZ052,79,101,IN03,11-Aug-19
INZ190,95,62,IN06,27-Oct-19
INZ254,38,99,IN07,19-Jun-19
INZ224,102,31,IN07,17-Mar-19
INZ245,101,68,IN06,2-Mar-19
INZ068,130,13,IN05,24-May-19
INZ281,13,197,IN01,8-Jun-19
INZ213,77,20,IN07,15-Sep-19
INZ062,103,134,IN07,12-Jul-19
INZ196,46,180,IN05,1-Jun-19
INZ001,63,140,IN07,13-Aug-19
INZ101,106,3,IN07,23-Mar-19
INZ130,83,149,IN03,28-Jun-19
INZ255,27,100,IN06,16-Mar-19
INZ201,26,0,IN06,10-Oct-19
INZ030,7,90,IN01,29-Mar-19
INZ122,54,148,IN04,25-Jun-19
INZ272,36,196,IN06,3-Sep-19
INZ014,133,36,IN03,11-Jul-19
INZ057,61,148,IN02,13-Jun-19
INZ168,139,114,IN02,25-May-19
INZ097,96,59,IN04,30-Apr-19
INZ210,96,141,IN05,24-Mar-19
INZ130,59,127,IN07,15-Jan-19
INZ144,95,161,IN05,15-Jun-19
INZ275,107,181,IN05,17-Sep-19
INZ168,34,162,IN04,8-Mar-19
INZ208,27,128,IN04,9-Sep-19
INZ100,89,195,IN06,24-Sep-19
INZ126,16,105,IN07,31-Jan-19
INZ165,48,113,IN03,7-Jun-19
INZ030,118,199,IN06,12-Feb-19
INZ223,49,162,IN02,29-Nov-19
INZ012,118,189,IN04,2-Jul-19
INZ159,133,150,IN03,25-Oct-19
INZ132,104,85,IN07,17-Jun-19
INZ173,85,92,IN01,9-Jan-19
INZ275,73,106,IN06,10-Oct-19
INZ036,49,169,IN05,20-Jan-19
INZ295,106,80,IN06,28-Sep-19
INZ034,59,174,IN04,11-Feb-19
INZ047,68,142,IN04,16-Jul-19
INZ284,124,125,IN06,7-Nov-19
INZ159,143,191,IN03,10-Apr-19
INZ088,79,18,IN06,16-Jul-19
INZ296,71,149,IN07,5-Aug-19
INZ097,94,177,IN07,11-Jan-19
INZ082,144,25,IN03,1-Apr-19
INZ037,35,90,IN06,27-Sep-19
INZ009,2,17,IN04,15-Mar-19
INZ284,141,153,IN07,18-Jul-19
INZ144,92,93,IN07,14-May-19
INZ233,88,66,IN07,5-Oct-19
INZ136,96,14,IN05,30-Jun-19
INZ232,107,107,IN04,14-Aug-19
INZ227,47,135,IN01,26-May-19
INZ003,100,152,IN04,13-Feb-19
INZ186,66,190,IN06,4-Mar-19
INZ267,39,23,IN06,29-Apr-19
INZ049,135,83,IN02,19-Aug-19
INZ230,70,115,IN03,24-Jan-19
INZ149,140,67,IN03,13-Feb-19
INZ003,142,36,IN03,4-Dec-19
INZ296,73,70,IN02,25-Feb-19
INZ104,131,101,IN07,28-Sep-19
INZ001,67,171,IN03,5-Mar-19
INZ097,53,191,IN04,20-Sep-19
INZ298,149,195,IN06,10-Oct-19
INZ096,127,10,IN03,13-Jul-19
INZ243,87,131,IN01,11-Dec-19
INZ129,1,152,IN02,18-Oct-19
INZ157,16,27,IN05,7-Sep-19
INZ189,105,77,IN01,15-Dec-19
INZ166,102,50,IN02,30-May-19
INZ280,72,40,IN07,30-Apr-19
INZ082,39,98,IN02,1-Sep-19
INZ255,94,117,IN06,30-May-19
INZ249,82,119,IN05,28-Jun-19
INZ198,5,185,IN02,13-Dec-19
INZ255,98,77,IN04,3-Sep-19
INZ044,113,184,IN07,24-Jan-19
INZ235,85,110,IN02,25-Jul-19
INZ220,24,178,IN02,12-Jun-19
INZ043,99,112,IN05,18-Jun-19
INZ091,21,75,IN07,15-Mar-19
INZ022,85,108,IN06,14-Jun-19
INZ059,80,37,IN05,11-Feb-19
INZ109,70,171,IN05,20-Feb-19
INZ216,128,111,IN01,23-Feb-19
INZ247,44,13,IN06,10-Jan-19
INZ053,2,51,IN06,12-May-19
INZ147,119,199,IN06,2-Jun-19
INZ175,81,193,IN01,14-May-19
INZ030,81,14,IN07,10-Dec-19
INZ189,28,100,IN06,1-Dec-19
INZ298,7,114,IN04,27-Nov-19
INZ144,33,157,IN05,30-Mar-19
INZ044,133,119,IN07,12-Mar-19
INZ193,100,143,IN01,13-Feb-19
INZ214,4,186,IN02,17-Oct-19
INZ231,33,133,IN01,20-Oct-19
INZ245,132,141,IN01,13-Dec-19
INZ071,116,197,IN03,28-Jun-19
INZ222,110,171,IN06,17-Oct-19
INZ200,144,41,IN05,8-Jan-19
INZ230,79,120,IN05,6-May-19
INZ173,75,199,IN07,7-Aug-19
INZ048,18,156,IN05,18-Mar-19
INZ116,27,77,IN06,6-Jan-19
INZ132,31,91,IN07,11-Apr-19
INZ197,46,73,IN05,26-Jun-19
INZ220,63,188,IN04,2-Dec-19
INZ119,8,72,IN02,13-Dec-19
INZ286,90,86,IN01,8-Mar-19
INZ247,3,67,IN06,8-Apr-19
INZ169,70,7,IN03,22-Mar-19
INZ231,1,77,IN05,21-Sep-19
INZ195,23,29,IN06,13-Mar-19
INZ274,8,4,IN07,18-Nov-19
INZ250,9,23,IN02,7-Nov-19
INZ098,141,64,IN03,26-Feb-19
INZ078,127,170,IN02,11-Apr-19
INZ085,67,174,IN06,19-Feb-19
INZ193,128,59,IN05,1-Sep-19
INZ254,135,119,IN03,7-May-19
INZ202,63,69,IN06,23-Aug-19
INZ018,121,79,IN06,17-May-19
INZ232,82,12,IN04,7-Feb-19
INZ159,78,173,IN03,5-Oct-19
INZ207,18,80,IN04,16-Mar-19
INZ269,81,58,IN05,23-Oct-19
INZ131,120,39,IN06,10-Apr-19
INZ082,90,199,IN05,13-Aug-19
INZ168,73,143,IN03,5-Mar-19
INZ201,29,42,IN05,8-Oct-19
INZ079,140,28,IN02,23-Feb-19
INZ186,51,136,IN01,23-Mar-19
INZ095,128,100,IN01,15-Feb-19
INZ012,31,128,IN06,4-Apr-19
INZ234,111,192,IN07,9-Jun-19
INZ053,131,35,IN01,30-Jul-19
INZ089,44,50,IN02,3-Oct-19
INZ193,21,159,IN05,20-Nov-19
INZ023,113,66,IN04,22-Mar-19
INZ190,69,167,IN06,20-Dec-19
INZ195,30,2,IN07,2-Oct-19
INZ215,58,135,IN01,5-Sep-19
INZ061,59,71,IN03,3-Aug-19
INZ151,52,19,IN01,4-Dec-19
INZ065,36,159,IN04,5-Mar-19
INZ170,69,134,IN05,6-Jun-19
INZ126,74,43,IN01,27-Aug-19
INZ102,69,20,IN05,15-Apr-19
INZ081,36,93,IN06,8-Oct-19
INZ045,50,140,IN05,11-Dec-19
INZ145,34,106,IN03,29-Aug-19
INZ233,124,138,IN01,17-Nov-19
INZ059,5,80,IN06,30-Aug-19
INZ030,122,170,IN07,7-Dec-19
INZ092,138,16,IN04,18-Dec-19
INZ189,72,142,IN05,30-Oct-19
INZ153,92,122,IN05,4-May-19
INZ122,66,133,IN04,22-Apr-19
INZ179,80,4,IN04,19-Jun-19
INZ008,129,113,IN06,1-Feb-19
INZ274,29,182,IN04,18-Mar-19
INZ026,118,161,IN01,18-Feb-19
INZ158,43,178,IN02,16-Jan-19
INZ223,52,5,IN05,19-Dec-19
INZ149,91,185,IN01,24-Jun-19
INZ027,61,110,IN02,20-Feb-19
INZ163,92,46,IN06,15-May-19
INZ191,4,41,IN06,21-Sep-19
INZ093,111,22,IN05,20-Nov-19
INZ181,50,162,IN05,27-Jul-19
INZ118,30,18,IN06,3-Oct-19
INZ272,73,103,IN07,7-Apr-19
INZ210,149,90,IN01,3-Jul-19
INZ108,17,76,IN01,26-Oct-19
INZ080,73,190,IN02,16-Apr-19
INZ292,32,200,IN03,21-Jul-19
INZ085,37,152,IN06,2-Oct-19
INZ075,30,39,IN03,22-May-19
INZ250,117,58,IN04,20-Oct-19
INZ029,76,103,IN01,12-Jul-19
INZ275,109,166,IN04,12-Jan-19
INZ081,62,70,IN06,1-Jul-19
INZ167,8,172,IN07,16-Apr-19
INZ283,37,107,IN04,18-Oct-19
INZ104,84,43,IN02,13-May-19
INZ231,48,95,IN07,5-Nov-19
INZ180,55,12,IN01,1-Mar-19
INZ082,56,176,IN03,14-Jan-19
INZ116,97,44,IN02,7-Mar-19
INZ159,45,54,IN02,12-Oct-19
INZ267,106,164,IN03,1-Jul-19
INZ094,67,120,IN05,28-Mar-19
INZ266,39,111,IN06,3-Aug-19
INZ090,131,47,IN02,16-Dec-19
INZ099,107,69,IN03,4-Apr-19
INZ188,64,27,IN04,9-Aug-19
INZ177,46,61,IN06,13-Mar-19
INZ157,33,110,IN06,24-Jun-19
INZ229,42,139,IN03,5-Nov-19
INZ091,36,2,IN03,4-May-19
INZ274,121,99,IN05,1-Nov-19
INZ294,52,183,IN01,6-Mar-19
INZ300,117,69,IN04,19-Mar-19
INZ037,75,29,IN02,29-May-19
INZ236,136,80,IN02,4-May-19
INZ070,5,26,IN05,8-Aug-19
INZ269,126,192,IN03,14-Oct-19
INZ056,43,68,IN04,20-Nov-19
INZ263,67,100,IN06,18-Jul-19
INZ155,85,174,IN05,16-Feb-19
INZ029,122,61,IN01,12-Feb-19
INZ188,14,13,IN03,19-Mar-19
INZ277,24,162,IN05,12-Aug-19
INZ229,80,181,IN03,25-Jul-19
INZ088,20,19,IN05,24-Nov-19
INZ215,86,73,IN04,27-Mar-19
INZ157,129,138,IN07,19-Feb-19
INZ252,136,130,IN07,17-Mar-19
INZ146,91,7,IN05,22-Nov-19
INZ054,85,161,IN06,6-Nov-19
INZ143,143,76,IN04,1-Aug-19
INZ173,147,55,IN04,20-Apr-19
INZ014,63,119,IN06,16-Dec-19
INZ208,118,182,IN07,12-Jul-19
INZ243,146,87,IN02,23-Feb-19
INZ026,108,87,IN06,18-Apr-19
INZ176,12,72,IN01,1-Aug-19
INZ296,14,49,IN03,23-Apr-19
INZ300,83,129,IN04,15-Apr-19
INZ253,44,56,IN04,27-Nov-19
INZ251,144,36,IN05,6-Nov-19
INZ142,113,87,IN07,9-Oct-19
INZ294,101,117,IN06,29-Jun-19
INZ138,85,111,IN07,16-Aug-19
INZ294,71,99,IN03,7-Aug-19
INZ179,69,137,IN01,25-Oct-19
INZ049,83,175,IN03,14-Apr-19
INZ019,148,7,IN06,9-Aug-19
INZ070,51,199,IN04,15-Apr-19
INZ263,35,69,IN04,14-Sep-19
INZ094,5,167,IN06,31-Jan-19
INZ161,31,178,IN04,7-Jan-19
INZ074,27,146,IN03,1-Jun-19
INZ262,118,134,IN06,2-Oct-19
INZ274,77,187,IN07,23-Apr-19
INZ266,145,176,IN04,24-May-19
INZ282,3,8,IN02,24-Jun-19
INZ242,88,176,IN04,14-Jan-19
INZ235,123,68,IN01,29-Nov-19
INZ081,103,68,IN07,24-Sep-19
INZ119,96,27,IN07,16-Oct-19
INZ026,90,144,IN04,24-Oct-19
INZ044,142,67,IN03,25-Apr-19
INZ115,120,17,IN07,6-May-19
INZ190,49,48,IN03,21-Sep-19
INZ034,72,185,IN01,24-Nov-19
INZ216,72,182,IN01,23-Jan-19
INZ071,15,163,IN01,12-Apr-19
INZ148,64,3,IN02,29-Oct-19
INZ040,135,50,IN02,7-Sep-19
INZ130,111,123,IN05,18-Nov-19
INZ248,99,5,IN04,14-Jul-19
INZ219,99,120,IN01,12-Feb-19
INZ017,11,62,IN03,17-Dec-19
INZ240,84,20,IN06,25-May-19
INZ170,59,131,IN07,29-Jun-19
INZ216,107,176,IN06,14-Nov-19
INZ073,118,189,IN07,4-Sep-19
INZ261,32,26,IN04,15-Feb-19
INZ234,44,179,IN07,3-Feb-19
INZ101,24,22,IN04,6-Jan-19
INZ048,103,126,IN07,17-Sep-19
INZ216,68,42,IN07,17-Jul-19
INZ264,12,79,IN07,16-May-19
INZ295,9,19,IN01,9-Jan-19
INZ181,52,111,IN02,23-Mar-19
INZ070,48,110,IN07,14-Nov-19
INZ085,29,26,IN06,15-Oct-19
INZ002,54,35,IN07,18-May-19
INZ295,28,186,IN01,22-Nov-19
INZ040,129,113,IN04,26-May-19
INZ193,126,27,IN02,7-Dec-19
INZ036,60,186,IN06,8-Nov-19
INZ127,123,76,IN06,17-Sep-19
INZ299,150,159,IN06,20-Aug-19
INZ295,100,39,IN01,7-Mar-19
INZ112,7,86,IN01,3-Jun-19
INZ011,102,25,IN05,9-Feb-19
INZ093,149,50,IN02,27-Aug-19
INZ228,81,80,IN01,19-Mar-19
INZ296,63,144,IN01,26-Nov-19
INZ256,35,99,IN06,29-Jun-19
INZ009,135,127,IN03,19-Jan-19
INZ127,132,57,IN05,30-Aug-19
INZ261,98,57,IN04,20-Oct-19
INZ099,145,152,IN07,11-Feb-19
INZ225,102,133,IN01,31-May-19
INZ232,30,116,IN07,28-May-19
INZ218,104,93,IN06,31-Jul-19
INZ080,60,129,IN01,12-Oct-19
INZ054,43,178,IN04,17-Aug-19
INZ094,51,122,IN01,9-Aug-19
INZ222,70,7,IN01,25-Apr-19
INZ019,125,98,IN05,28-Jan-19
INZ017,80,63,IN05,28-Jun-19
INZ016,59,62,IN04,4-Sep-19
INZ177,127,189,IN06,5-Mar-19
INZ150,98,120,IN04,20-May-19
INZ155,92,33,IN06,26-Apr-19
INZ068,100,125,IN06,5-Jun-19
INZ245,116,113,IN01,23-Sep-19
INZ287,16,124,IN02,6-Sep-19
INZ013,6,10,IN02,5-Dec-19
INZ252,76,148,IN07,6-Jan-19
INZ048,26,69,IN03,19-Aug-19
INZ007,71,147,IN02,15-Jan-19
INZ157,134,177,IN03,1-Apr-19
INZ001,68,100,IN03,15-Nov-19
INZ039,60,103,IN02,16-Dec-19
INZ117,142,31,IN06,13-Jan-19
INZ143,123,130,IN02,16-Dec-19
INZ055,4,28,IN02,6-Feb-19
INZ038,120,103,IN06,27-Mar-19
INZ080,108,185,IN07,7-Dec-19
INZ209,99,164,IN06,15-Aug-19
INZ186,36,69,IN03,1-Dec-19
INZ256,15,113,IN05,25-Mar-19
INZ054,97,51,IN05,9-Jul-19
INZ184,112,99,IN05,29-Nov-19
INZ195,19,30,IN07,17-Apr-19
INZ067,43,53,IN03,27-Jun-19
INZ279,139,26,IN07,28-Aug-19
INZ218,47,76,IN06,28-Apr-19
INZ260,107,77,IN07,7-Nov-19
INZ175,85,143,IN02,7-Sep-19
INZ156,146,43,IN02,1-Sep-19
INZ028,110,45,IN04,3-Aug-19
INZ059,107,57,IN03,13-Jan-19
INZ225,148,81,IN02,23-Aug-19
INZ288,81,85,IN04,4-Apr-19
INZ246,16,17,IN06,14-Dec-19
INZ298,62,67,IN05,19-Jun-19
INZ158,59,144,IN04,20-Jan-19
INZ270,82,74,IN07,5-Nov-19
INZ036,52,105,IN06,26-May-19
INZ029,111,55,IN06,14-Nov-19
INZ111,50,160,IN03,10-Aug-19
INZ275,146,142,IN01,4-Apr-19
INZ009,115,153,IN07,3-Sep-19
INZ126,129,51,IN05,3-Jul-19
INZ006,116,173,IN07,12-Nov-19
INZ276,147,112,IN01,12-Dec-19
INZ064,39,48,IN03,9-Sep-19
INZ159,10,86,IN07,1-Oct-19
INZ026,124,177,IN04,14-May-19
INZ024,136,66,IN04,3-Mar-19
INZ045,3,104,IN02,7-Mar-19
INZ069,150,115,IN01,17-Aug-19
INZ067,18,45,IN04,24-Mar-19
INZ056,123,60,IN06,9-Apr-19
INZ089,103,57,IN05,16-Mar-19
INZ220,3,113,IN03,21-Feb-19
INZ262,94,72,IN04,15-Jul-19
INZ215,102,64,IN05,9-Feb-19
INZ249,23,140,IN05,18-Jan-19
INZ262,48,50,IN07,2-May-19
INZ030,27,82,IN04,24-Sep-19
INZ101,89,176,IN06,19-Sep-19
INZ074,105,64,IN05,17-Jan-19
INZ244,98,152,IN05,13-Dec-19
INZ084,83,126,IN01,14-Sep-19
INZ103,110,160,IN01,24-Jan-19
INZ053,126,92,IN03,21-Aug-19
INZ246,74,110,IN02,14-Aug-19
INZ106,41,67,IN07,6-Sep-19
INZ076,126,146,IN03,28-Oct-19
INZ006,48,42,IN01,14-Sep-19
INZ218,5,151,IN02,28-Jun-19
INZ223,122,51,IN04,28-Jan-19
INZ070,149,87,IN01,1-Mar-19
INZ084,105,26,IN04,21-Jan-19
INZ299,93,121,IN04,13-Jun-19
INZ049,15,57,IN03,2-Mar-19
INZ229,122,186,IN07,7-Sep-19
INZ250,113,58,IN02,8-May-19
INZ131,111,58,IN05,11-Oct-19
INZ198,127,93,IN04,20-Mar-19
INZ115,149,182,IN07,24-Mar-19
INZ114,26,171,IN06,12-Jul-19
INZ004,132,162,IN03,21-May-19
INZ228,117,188,IN07,27-May-19
INZ261,137,21,IN01,12-Nov-19
INZ292,12,5,IN06,10-Sep-19
INZ272,61,12,IN04,11-Apr-19
INZ107,35,24,IN06,7-Aug-19
INZ162,54,140,IN04,29-Jul-19
INZ166,89,95,IN01,19-Apr-19
INZ006,83,7,IN06,9-Oct-19
INZ072,66,66,IN02,14-Jul-19
INZ224,122,200,IN03,30-Sep-19
INZ164,127,111,IN01,19-Dec-19
INZ004,41,159,IN04,6-Apr-19
INZ239,129,45,IN06,9-Oct-19
INZ168,136,180,IN02,6-Jun-19
INZ115,75,119,IN01,28-Aug-19
INZ006,74,198,IN03,3-Oct-19
INZ125,38,26,IN01,19-Mar-19
INZ133,61,173,IN01,19-Aug-19
INZ159,30,36,IN03,22-Oct-19
INZ248,147,89,IN03,28-Sep-19
INZ019,45,177,IN04,1-Sep-19
INZ268,87,71,IN05,24-Feb-19
INZ262,53,35,IN04,30-Aug-19
INZ153,52,24,IN06,28-Nov-19
INZ157,5,154,IN06,19-Aug-19
INZ164,113,151,IN05,6-Oct-19
INZ224,101,199,IN03,18-Nov-19
INZ034,110,185,IN01,8-May-19
INZ008,141,140,IN03,20-Mar-19
INZ088,6,111,IN03,6-Sep-19
INZ039,66,116,IN01,18-Feb-19
INZ214,109,190,IN02,7-Jul-19
INZ237,13,167,IN04,26-May-19
INZ263,142,144,IN04,27-May-19
INZ086,77,126,IN06,12-Mar-19
INZ230,128,99,IN07,23-Apr-19
INZ164,7,47,IN02,20-May-19
INZ146,146,9,IN04,9-Jun-19
INZ052,43,59,IN03,3-Sep-19
INZ116,59,36,IN01,25-Oct-19
INZ267,8,79,IN01,29-Jul-19
INZ164,60,125,IN02,17-Mar-19
INZ147,10,178,IN04,3-Sep-19
INZ030,37,41,IN03,18-Feb-19
INZ141,104,83,IN02,4-Aug-19
INZ156,33,106,IN05,25-Mar-19
INZ013,67,140,IN01,1-Feb-19
INZ270,112,122,IN01,15-Aug-19
INZ198,65,113,IN04,15-Sep-19
INZ220,147,116,IN03,24-Oct-19
INZ113,12,52,IN02,6-Feb-19
INZ253,68,63,IN05,19-May-19
INZ092,139,52,IN01,22-Mar-19
INZ152,66,89,IN04,1-Apr-19
INZ050,62,115,IN03,7-Mar-19
INZ282,71,79,IN06,29-May-19
INZ124,116,105,IN04,19-Oct-19
INZ125,39,192,IN03,26-Jun-19
INZ118,100,28,IN05,2-May-19
INZ096,50,132,IN05,18-Sep-19
INZ200,13,1,IN05,12-Apr-19
INZ274,53,143,IN01,22-Jan-19
INZ009,134,110,IN03,17-Jan-19
INZ044,127,119,IN04,13-Aug-19
INZ043,135,128,IN07,7-Jan-19
INZ022,58,60,IN01,7-Jul-19
INZ107,14,108,IN01,20-May-19
INZ086,9,88,IN05,17-Mar-19
INZ153,125,190,IN06,26-Mar-19
INZ164,52,165,IN05,1-Aug-19
INZ001,47,146,IN04,25-Jun-19
INZ286,102,49,IN02,8-Feb-19
INZ002,84,26,IN06,26-Sep-19
INZ015,89,185,IN06,11-Oct-19
INZ034,34,32,IN03,2-Mar-19
INZ056,92,155,IN07,7-Feb-19
INZ169,118,150,IN03,12-Aug-19
INZ258,137,125,IN03,10-Sep-19
INZ277,149,79,IN01,3-May-19
INZ258,61,102,IN02,11-Sep-19
INZ207,56,167,IN01,22-Feb-19
INZ120,62,138,IN05,17-Jan-19
INZ223,84,67,IN05,18-Oct-19
INZ116,85,185,IN02,2-Mar-19
INZ078,78,48,IN04,24-Feb-19
INZ280,91,178,IN04,3-Sep-19
INZ155,49,134,IN03,27-Apr-19
INZ113,140,70,IN02,22-Feb-19
INZ006,87,116,IN01,13-Apr-19
INZ073,63,111,IN07,16-Nov-19
INZ025,105,193,IN04,18-Jan-19
INZ109,38,15,IN05,11-Nov-19
INZ043,36,162,IN06,23-Feb-19
INZ085,92,140,IN07,15-Oct-19
INZ208,60,129,IN03,19-Feb-19
INZ069,38,105,IN04,18-Feb-19
INZ139,35,176,IN07,15-Mar-19
INZ078,1,96,IN03,4-Apr-19
INZ190,55,57,IN03,28-Jun-19
INZ027,60,113,IN04,10-Sep-19
INZ266,40,49,IN02,29-Apr-19
INZ296,4,86,IN01,26-May-19
INZ113,96,194,IN02,1-Feb-19
INZ061,106,39,IN03,15-Apr-19
INZ274,100,38,IN02,11-Jul-19
INZ198,143,62,IN01,9-Dec-19
INZ011,103,107,IN03,19-Nov-19
INZ141,57,195,IN02,30-Nov-19
INZ033,63,140,IN05,11-Apr-19
INZ063,143,39,IN02,30-Sep-19
INZ152,11,31,IN02,5-Sep-19
INZ193,24,75,IN04,18-Jun-19
INZ235,77,161,IN02,23-Sep-19
INZ139,26,153,IN03,17-May-19
INZ195,150,196,IN03,15-Oct-19
INZ131,110,104,IN01,12-Sep-19
INZ128,28,183,IN04,25-Mar-19
INZ255,39,171,IN07,21-Aug-19
INZ030,72,86,IN05,9-Apr-19
INZ157,55,115,IN04,30-Jun-19
INZ141,130,144,IN03,25-Apr-19
INZ282,111,145,IN04,17-Aug-19
INZ128,136,156,IN02,8-Dec-19
INZ298,58,159,IN01,1-Oct-19
INZ290,44,158,IN07,25-Oct-19
INZ219,60,31,IN02,10-May-19
INZ283,52,154,IN01,13-Aug-19
INZ072,149,25,IN03,7-Mar-19
INZ180,19,19,IN03,25-Nov-19
INZ169,128,147,IN02,16-Dec-19
INZ049,130,112,IN05,11-Jun-19
INZ210,8,87,IN04,25-Sep-19
INZ254,24,141,IN02,30-Jul-19
INZ164,141,190,IN07,19-Sep-19
INZ223,35,20,IN06,22-Feb-19
INZ062,75,113,IN07,10-Oct-19
INZ162,70,75,IN03,29-Jun-19
INZ219,6,93,IN06,24-Jan-19
INZ165,104,106,IN04,4-Jun-19
INZ159,15,121,IN04,29-Jun-19
INZ241,28,148,IN06,15-May-19
INZ054,25,167,IN05,15-Jan-19
INZ063,62,23,IN06,24-Oct-19
INZ047,74,49,IN06,6-Dec-19
INZ286,136,32,IN01,10-Aug-19
INZ212,65,167,IN05,5-Dec-19
INZ237,133,162,IN06,14-Nov-19
INZ278,86,16,IN03,5-Feb-19
INZ191,70,197,IN07,22-Aug-19
INZ217,65,169,IN01,31-May-19
INZ256,100,117,IN05,16-Apr-19
INZ191,119,26,IN01,20-Dec-19
INZ046,95,110,IN06,18-Dec-19
INZ179,67,30,IN04,25-Feb-19
INZ211,76,40,IN02,31-Oct-19
INZ174,47,182,IN04,21-Aug-19
INZ138,126,138,IN02,18-Jun-19
INZ282,68,113,IN04,13-Aug-19
INZ075,48,81,IN02,14-May-19
INZ002,145,6,IN05,30-Aug-19
INZ118,53,187,IN05,13-Dec-19
INZ181,122,106,IN03,8-Oct-19
INZ065,76,108,IN01,22-Mar-19
INZ171,59,86,IN03,18-Aug-19
INZ279,56,158,IN03,26-Jun-19
INZ192,128,195,IN07,20-Apr-19
INZ181,8,136,IN07,6-Nov-19
INZ095,102,189,IN03,8-Mar-19
INZ292,3,65,IN05,29-Jul-19
INZ043,133,11,IN07,25-Feb-19
INZ136,104,16,IN01,10-Aug-19
INZ033,89,77,IN02,14-Feb-19
INZ170,141,35,IN01,31-Mar-19
INZ206,78,24,IN01,8-Jun-19
INZ111,124,181,IN05,24-Oct-19
INZ173,108,69,IN03,26-Jul-19
INZ279,64,149,IN07,21-Mar-19
INZ062,45,28,IN05,18-Jun-19
INZ128,63,89,IN01,21-Dec-19
INZ186,38,137,IN05,30-Jun-19
INZ013,53,112,IN03,23-Sep-19
INZ272,13,83,IN02,13-Nov-19
INZ042,79,17,IN03,2-Apr-19
INZ273,25,96,IN04,21-Sep-19
INZ287,67,146,IN03,12-Jun-19
INZ153,7,169,IN03,2-Mar-19
INZ276,44,103,IN01,31-Oct-19
INZ104,86,112,IN07,5-Oct-19
INZ280,25,78,IN04,2-May-19
INZ298,142,4,IN01,8-Apr-19
INZ088,33,131,IN06,10-Jul-19
INZ235,81,21,IN02,27-Sep-19
INZ055,84,186,IN06,15-Sep-19
INZ160,14,155,IN02,23-Jun-19
INZ232,25,139,IN02,6-Oct-19
INZ121,28,168,IN02,29-Sep-19
INZ190,31,97,IN03,11-Mar-19
INZ073,80,44,IN02,16-Apr-19
INZ061,95,53,IN03,2-Nov-19
INZ290,12,17,IN07,7-Nov-19
INZ117,139,123,IN07,30-Jul-19
INZ130,33,62,IN05,21-Jun-19
INZ115,71,170,IN01,3-Nov-19
INZ097,84,3,IN07,26-May-19
INZ143,38,48,IN06,16-Apr-19
INZ112,62,138,IN04,22-Jan-19
INZ033,108,34,IN01,20-Jan-19
INZ188,137,163,IN02,2-May-19
INZ112,119,170,IN04,21-Jul-19
INZ067,134,102,IN07,14-Jun-19
INZ278,130,18,IN04,2-Mar-19
INZ149,6,156,IN05,1-Dec-19
INZ189,51,50,IN07,14-May-19
INZ155,7,90,IN05,15-Dec-19
INZ281,133,94,IN04,22-Feb-19
INZ104,58,94,IN03,31-Aug-19
INZ077,2,100,IN06,8-Nov-19
INZ017,36,89,IN03,9-May-19
INZ293,63,80,IN07,16-Jul-19
INZ037,114,200,IN07,13-Jul-19
INZ007,136,136,IN05,23-Oct-19
INZ074,129,72,IN06,26-Jan-19
INZ020,99,12,IN01,28-Jun-19
INZ080,68,34,IN01,27-Jul-19
INZ072,99,5,IN05,4-Feb-19
INZ093,52,169,IN01,21-Apr-19
INZ028,25,13,IN06,10-Jun-19
INZ237,25,128,IN03,6-Jun-19
INZ008,142,84,IN06,7-May-19
INZ142,102,189,IN05,9-Oct-19
INZ080,49,37,IN06,17-Aug-19
INZ224,14,51,IN03,6-Oct-19
INZ040,120,168,IN04,31-Jul-19
INZ106,117,4,IN04,3-May-19
INZ073,10,194,IN03,29-Sep-19
INZ203,37,70,IN06,4-May-19
INZ119,67,24,IN05,21-Jan-19
INZ299,21,184,IN04,17-Apr-19
INZ038,146,153,IN03,8-Mar-19
INZ173,147,48,IN05,3-Feb-19
INZ273,31,174,IN01,30-Sep-19
INZ016,77,40,IN04,13-Jan-19
INZ025,23,198,IN03,8-Sep-19
INZ300,74,22,IN04,14-Sep-19
INZ007,101,13,IN06,16-Jan-19
INZ268,95,68,IN06,30-Aug-19
INZ221,16,146,IN01,12-Nov-19
INZ150,87,81,IN06,12-Aug-19
INZ020,107,188,IN03,22-Apr-19
INZ299,39,136,IN03,17-Aug-19
INZ122,41,9,IN03,22-Jun-19
INZ286,40,80,IN02,12-Jul-19
INZ043,41,95,IN04,12-Jul-19
INZ094,114,21,IN01,12-Jun-19
INZ239,145,79,IN01,26-Nov-19
INZ047,64,12,IN05,11-Mar-19
INZ243,1,30,IN07,13-Jul-19
INZ138,70,70,IN05,28-Nov-19
INZ216,29,126,IN04,5-Jan-19
INZ202,2,94,IN04,25-Apr-19
INZ125,17,74,IN02,25-Jul-19
INZ142,42,21,IN06,8-Nov-19
INZ002,133,83,IN01,23-Mar-19
INZ179,120,128,IN05,6-Jan-19
INZ208,73,84,IN07,27-Feb-19
INZ098,12,34,IN04,26-Apr-19
INZ108,69,154,IN01,13-Jul-19
INZ069,5,150,IN04,24-Jul-19
INZ049,46,85,IN01,5-Mar-19
INZ268,102,79,IN01,11-Jul-19
INZ237,73,152,IN01,11-Oct-19
INZ025,128,113,IN05,10-Feb-19
INZ107,68,62,IN03,24-Jun-19
INZ114,75,14,IN06,13-Mar-19
INZ077,144,69,IN02,17-Aug-19
INZ036,75,113,IN04,2-Aug-19
INZ131,125,22,IN02,21-Oct-19
INZ236,114,117,IN05,11-Jul-19
INZ256,138,190,IN01,22-Jul-19
INZ235,9,5,IN07,10-Sep-19
INZ020,65,56,IN04,22-Jun-19
INZ288,10,138,IN04,25-Jun-19
INZ114,22,48,IN01,1-Apr-19
INZ130,55,80,IN04,6-Aug-19
INZ052,55,25,IN07,23-Apr-19
INZ044,140,17,IN02,17-Apr-19
INZ236,27,27,IN02,20-Apr-19
INZ120,72,198,IN03,26-Jan-19
INZ188,44,10,IN04,20-Nov-19
INZ237,105,109,IN07,22-Jun-19
INZ123,94,78,IN07,12-Sep-19
INZ256,142,119,IN04,13-Dec-19
INZ227,7,79,IN07,24-Feb-19
INZ281,114,110,IN02,4-Apr-19
INZ163,124,136,IN03,19-Nov-19
INZ083,83,179,IN02,28-Nov-19
INZ116,99,128,IN03,21-Jun-19
INZ054,70,132,IN07,2-Feb-19
INZ188,67,119,IN02,24-Oct-19
INZ038,51,73,IN03,29-Sep-19
INZ245,136,101,IN04,5-Oct-19
INZ187,23,48,IN01,15-Jan-19
INZ191,104,27,IN05,4-Nov-19
INZ272,11,105,IN07,29-Mar-19
INZ214,49,34,IN05,18-Sep-19
INZ228,60,121,IN05,18-Dec-19
INZ187,145,31,IN05,10-Mar-19
INZ160,80,82,IN02,10-May-19
INZ081,16,129,IN07,1-Sep-19
INZ267,142,194,IN06,2-Aug-19
INZ300,2,175,IN03,18-May-19
INZ009,8,121,IN03,22-Mar-19
INZ164,77,65,IN01,27-Aug-19
INZ039,28,50,IN02,29-May-19
INZ129,61,23,IN02,13-Jan-19
INZ078,19,102,IN05,17-Dec-19
INZ060,98,187,IN03,21-Feb-19
INZ275,98,150,IN03,21-Sep-19
INZ126,142,175,IN04,20-Sep-19
INZ006,118,23,IN04,7-Dec-19
INZ267,25,140,IN07,21-May-19
INZ016,74,71,IN05,9-Aug-19
INZ038,63,88,IN06,12-Mar-19
INZ075,92,92,IN03,21-Nov-19
INZ060,94,31,IN04,13-Dec-19
INZ137,108,71,IN04,16-Oct-19
INZ259,5,123,IN07,5-May-19
INZ291,87,194,IN04,28-Mar-19
INZ013,77,42,IN03,21-Nov-19
INZ018,50,121,IN03,3-Apr-19
INZ285,100,63,IN01,16-Feb-19
INZ148,121,91,IN01,6-Aug-19
INZ296,89,172,IN03,24-Nov-19
INZ165,55,95,IN06,30-Jul-19
INZ130,102,42,IN07,29-Oct-19
INZ234,2,155,IN05,24-May-19
INZ033,44,39,IN02,18-Sep-19
INZ244,150,57,IN01,23-Sep-19
INZ012,72,37,IN04,7-Dec-19
INZ268,62,121,IN03,15-Aug-19
INZ211,3,75,IN03,30-Nov-19
INZ054,136,11,IN04,10-Nov-19
INZ224,16,166,IN03,7-Jan-19
INZ031,28,172,IN05,9-Dec-19
INZ149,109,114,IN01,5-Jan-19
INZ092,1,83,IN07,19-Apr-19
INZ116,25,3,IN07,1-Jul-19
INZ203,132,192,IN03,13-Aug-19
INZ181,2,166,IN03,5-Jan-19
INZ153,121,190,IN05,15-Aug-19
INZ046,37,81,IN03,7-Feb-19
INZ297,3,151,IN04,21-Sep-19
INZ125,100,160,IN03,17-Apr-19
INZ266,64,90,IN01,24-Jul-19
INZ204,4,193,IN05,15-Apr-19
INZ164,106,91,IN07,21-Aug-19
INZ173,8,178,IN04,23-Nov-19
INZ026,8,174,IN03,2-Apr-19
INZ276,71,196,IN02,28-Aug-19
INZ056,112,187,IN07,20-Sep-19
INZ072,33,9,IN02,12-Jun-19
INZ269,75,33,IN04,21-May-19
INZ154,142,71,IN05,17-Oct-19
INZ014,149,52,IN03,11-Jan-19
INZ244,31,22,IN04,7-Jul-19
INZ273,132,70,IN07,6-Feb-19
INZ120,24,89,IN06,17-Jul-19
INZ153,47,142,IN06,29-Sep-19
INZ059,87,1,IN07,12-Dec-19
INZ049,62,92,IN07,21-Mar-19
INZ097,43,152,IN02,10-Apr-19
INZ080,122,31,IN04,2-Aug-19
INZ252,107,174,IN04,5-Feb-19
INZ216,2,200,IN02,23-Aug-19
INZ110,32,87,IN05,28-Oct-19
INZ109,75,9,IN01,15-Aug-19
INZ023,93,65,IN03,2-Aug-19
INZ290,140,66,IN06,4-Aug-19
INZ044,122,114,IN01,31-Aug-19
INZ188,81,102,IN01,3-Feb-19
INZ062,51,23,IN07,12-Feb-19
INZ252,137,5,IN01,17-Sep-19
INZ002,33,131,IN03,25-Oct-19
INZ201,58,88,IN03,15-Dec-19
INZ112,85,154,IN05,23-Jun-19
INZ297,37,159,IN07,13-Feb-19
INZ269,38,129,IN07,20-Feb-19
INZ226,25,188,IN05,17-Nov-19
INZ182,95,170,IN01,11-Feb-19
INZ243,142,125,IN04,25-Jul-19
INZ245,95,53,IN07,21-Aug-19
INZ244,67,200,IN01,25-May-19
INZ274,87,198,IN04,17-Jun-19
INZ084,117,176,IN07,9-Apr-19
INZ076,71,83,IN01,27-Apr-19
INZ207,126,188,IN04,7-Sep-19
INZ045,81,149,IN05,12-Mar-19
INZ077,36,167,IN07,28-Oct-19
INZ154,28,48,IN03,28-Apr-19
INZ111,7,9,IN01,24-Mar-19
INZ117,86,0,IN04,31-Oct-19
INZ242,61,86,IN05,4-Apr-19
INZ038,22,51,IN07,17-Jul-19
INZ064,123,189,IN07,22-Nov-19
INZ084,148,22,IN06,6-Mar-19
INZ247,70,129,IN01,3-Sep-19
INZ291,30,76,IN05,12-Aug-19
INZ207,53,146,IN07,9-Dec-19
INZ164,120,28,IN02,21-Aug-19
INZ032,107,164,IN03,15-Oct-19
INZ207,143,158,IN03,11-May-19
INZ169,8,87,IN02,18-Jan-19
INZ005,139,3,IN02,13-Oct-19
INZ295,77,23,IN01,13-Jul-19
INZ227,16,177,IN01,26-Feb-19
INZ278,137,89,IN04,16-Feb-19
INZ026,127,164,IN06,9-Jul-19
INZ184,40,190,IN02,23-Feb-19
INZ116,1,180,IN03,24-May-19
INZ061,107,68,IN05,26-Nov-19
INZ221,124,143,IN02,24-Oct-19
INZ131,61,174,IN01,6-Aug-19
INZ071,112,18,IN02,15-Jun-19
INZ053,67,45,IN02,12-Sep-19
INZ270,134,135,IN05,20-Apr-19
INZ057,23,177,IN07,20-Aug-19
INZ111,10,29,IN05,17-Feb-19
INZ211,13,120,IN01,12-Aug-19
INZ251,44,134,IN07,28-Jun-19
INZ292,141,1,IN07,6-Sep-19
INZ155,91,91,IN07,9-Dec-19
INZ080,129,96,IN03,30-Jun-19
INZ220,52,93,IN03,12-Apr-19
INZ188,121,92,IN05,7-Dec-19
INZ077,50,149,IN05,15-Nov-19
INZ129,31,122,IN01,23-Jun-19
INZ260,117,138,IN05,27-Jul-19
INZ093,48,6,IN07,27-Feb-19
INZ085,43,123,IN02,22-Apr-19
INZ117,77,180,IN06,6-Jan-19
INZ059,8,145,IN06,5-Jul-19
INZ138,86,109,IN06,6-Feb-19
INZ126,107,41,IN01,29-Mar-19
INZ138,150,41,IN06,21-Jan-19
INZ120,110,41,IN03,3-Apr-19
INZ108,29,17,IN02,13-Jan-19
INZ231,51,39,IN06,25-Oct-19
INZ094,89,154,IN07,12-May-19
INZ065,142,72,IN05,23-Aug-19
INZ125,142,168,IN03,20-Jan-19
INZ227,123,38,IN07,17-Feb-19
INZ212,24,113,IN07,8-Dec-19
INZ231,56,172,IN01,31-May-19
INZ089,67,199,IN03,20-Oct-19
INZ106,79,138,IN02,21-Jan-19
INZ241,120,37,IN03,24-Jan-19
INZ028,64,51,IN02,23-Sep-19
INZ113,89,135,IN01,12-Sep-19
INZ183,146,135,IN01,20-Sep-19
INZ124,28,15,IN05,26-Mar-19
INZ265,97,121,IN04,21-Aug-19
INZ209,101,133,IN05,24-Mar-19
INZ284,124,108,IN07,19-Nov-19
INZ031,11,111,IN02,19-Feb-19
INZ019,7,9,IN01,19-May-19
INZ193,79,1,IN07,28-Jul-19
INZ139,58,170,IN07,10-Feb-19
INZ085,81,45,IN06,15-Oct-19
INZ050,123,58,IN03,10-Apr-19
INZ008,94,79,IN06,19-Nov-19
INZ169,139,11,IN04,18-Dec-19
INZ040,33,44,IN02,23-Apr-19
INZ061,88,124,IN03,10-May-19
INZ178,105,130,IN01,10-Jan-19
INZ268,65,91,IN03,18-Sep-19
INZ052,77,177,IN02,12-Nov-19
INZ102,119,115,IN02,16-May-19
INZ045,116,187,IN02,31-Jan-19
INZ206,47,76,IN06,2-Sep-19
INZ210,145,32,IN06,2-Jul-19
INZ258,130,91,IN07,22-Aug-19
INZ114,60,85,IN07,23-Sep-19
INZ259,20,173,IN04,17-Jan-19
INZ080,15,179,IN05,24-May-19
INZ198,2,6,IN05,26-Apr-19
INZ147,41,7,IN03,26-Sep-19
INZ090,75,99,IN02,12-Sep-19
INZ202,17,86,IN04,10-Mar-19
INZ274,52,83,IN06,21-Jul-19
INZ275,114,68,IN04,27-Feb-19
INZ050,40,103,IN04,13-Dec-19
INZ282,62,145,IN07,26-Apr-19
INZ058,113,171,IN01,28-Aug-19
INZ239,139,105,IN01,17-Sep-19
INZ143,66,132,IN07,1-Jul-19
INZ205,148,23,IN05,15-Aug-19
INZ283,95,162,IN04,10-Sep-19
INZ039,105,78,IN03,6-Jun-19
INZ020,24,179,IN04,23-Oct-19
INZ068,54,126,IN07,12-Aug-19
INZ011,105,130,IN05,7-Mar-19
INZ126,47,104,IN01,3-Mar-19
INZ069,147,169,IN06,14-Feb-19
INZ281,60,124,IN06,5-Feb-19
INZ120,121,87,IN02,14-Mar-19
INZ295,114,88,IN04,26-Sep-19
INZ251,131,85,IN05,4-Mar-19
INZ134,61,18,IN07,25-Jun-19
INZ023,7,59,IN05,20-Jun-19
INZ028,79,62,IN01,14-Jul-19
INZ236,64,172,IN07,18-Jun-19
INZ137,10,63,IN02,14-May-19
INZ247,32,58,IN02,4-Jun-19
INZ215,147,111,IN01,7-Oct-19
INZ141,92,127,IN01,22-Nov-19
INZ287,146,37,IN04,12-Nov-19
INZ294,144,138,IN03,23-Nov-19
INZ041,18,75,IN04,21-Jan-19
INZ119,9,174,IN04,3-Mar-19
INZ185,107,119,IN01,12-Dec-19
INZ284,128,140,IN02,23-Nov-19
INZ280,135,110,IN02,2-May-19
INZ197,96,51,IN01,4-Nov-19
INZ198,32,16,IN07,1-Jul-19
INZ110,114,111,IN01,31-Aug-19
INZ186,121,44,IN03,25-Jul-19
INZ129,49,47,IN03,14-Apr-19
INZ150,124,25,IN04,30-Jul-19
INZ285,124,75,IN06,10-Apr-19
INZ045,30,113,IN07,16-Mar-19
INZ062,98,95,IN05,5-May-19
INZ159,119,11,IN06,11-Dec-19
INZ093,46,131,IN02,12-Nov-19
INZ291,117,82,IN03,28-Jan-19
INZ127,146,41,IN01,15-Jul-19
INZ268,97,90,IN05,15-Jul-19
INZ027,106,69,IN05,4-Dec-19
INZ197,144,122,IN05,5-Jul-19
INZ267,114,117,IN05,9-Oct-19
INZ129,133,193,IN03,15-Sep-19
INZ073,146,117,IN04,6-Mar-19
INZ226,9,159,IN01,27-Apr-19
INZ286,63,162,IN03,12-Apr-19
INZ116,123,173,IN06,27-Nov-19
INZ083,26,12,IN03,5-Sep-19
INZ080,20,169,IN02,20-Nov-19
INZ236,21,161,IN04,27-Nov-19
INZ079,129,119,IN04,16-Sep-19
INZ037,46,109,IN01,26-Apr-19
INZ300,140,50,IN03,26-Oct-19
INZ190,139,20,IN06,12-Aug-19
INZ171,52,101,IN01,11-May-19
INZ269,130,188,IN06,12-Feb-19
INZ143,32,194,IN03,28-Mar-19
INZ123,88,193,IN01,31-Oct-19
INZ121,113,65,IN07,15-Nov-19
INZ078,47,154,IN01,19-Oct-19
INZ140,123,62,IN05,1-Feb-19
INZ202,48,39,IN01,23-May-19
INZ249,110,94,IN01,15-Jan-19
INZ199,53,186,IN03,25-Jan-19
INZ257,14,185,IN05,24-Mar-19
INZ170,43,72,IN06,27-Jul-19
INZ146,86,74,IN04,11-Jan-19
INZ145,19,147,IN02,5-Feb-19
INZ173,41,95,IN02,1-Apr-19
INZ254,69,8,IN03,21-Oct-19
INZ135,142,60,IN07,22-Jan-19
INZ108,79,33,IN02,20-Jul-19
INZ172,135,81,IN01,14-Nov-19
INZ286,22,133,IN06,10-May-19
INZ190,22,139,IN02,4-Sep-19
INZ117,90,164,IN02,22-Mar-19
INZ224,55,94,IN04,15-Dec-19
INZ094,28,151,IN06,14-Feb-19
INZ158,115,166,IN05,15-Jun-19
INZ001,133,165,IN01,30-Sep-19
INZ187,149,52,IN01,2-May-19
INZ281,27,24,IN04,5-Apr-19
INZ225,83,125,IN06,14-Apr-19
INZ147,19,72,IN04,21-Feb-19
INZ034,119,107,IN07,30-Apr-19
INZ047,136,101,IN02,27-Apr-19
INZ241,111,138,IN03,11-May-19
INZ077,48,28,IN07,17-Aug-19
INZ188,149,146,IN02,4-Feb-19
INZ171,101,127,IN05,24-Apr-19
INZ297,125,0,IN04,19-Jan-19
INZ231,90,21,IN06,1-Mar-19
INZ158,146,91,IN03,16-Apr-19
INZ244,43,154,IN06,15-Mar-19
INZ010,120,165,IN05,1-Sep-19
INZ047,136,23,IN01,19-Feb-19
INZ005,138,107,IN06,13-Apr-19
INZ259,18,85,IN07,30-Apr-19
INZ154,135,162,IN04,29-Jun-19
INZ113,94,19,IN02,18-Mar-19
INZ234,93,181,IN05,18-Aug-19
INZ100,16,175,IN05,24-May-19
INZ262,15,128,IN05,16-Mar-19
INZ088,138,81,IN01,15-Jul-19
INZ016,10,168,IN04,24-May-19
INZ053,1,166,IN05,8-Nov-19
INZ054,107,77,IN03,15-Jan-19
INZ054,10,149,IN07,29-Nov-19
INZ021,100,76,IN02,8-Jan-19
INZ033,127,50,IN03,20-Jun-19
INZ284,25,65,IN05,2-Nov-19
INZ275,27,130,IN07,2-Feb-19
INZ118,97,7,IN04,3-Aug-19
INZ218,62,103,IN07,20-Aug-19
INZ266,84,186,IN01,13-Nov-19
INZ151,7,27,IN06,7-Jan-19
INZ177,9,22,IN05,27-May-19
INZ209,16,97,IN04,18-Jul-19
INZ227,132,107,IN04,18-Nov-19
INZ264,80,172,IN01,16-Aug-19
INZ097,73,51,IN07,2-Feb-19
INZ073,130,61,IN05,23-Feb-19
INZ049,46,126,IN04,1-Sep-19
INZ199,137,122,IN07,19-Jul-19
INZ272,134,69,IN05,17-Sep-19
INZ086,134,150,IN02,18-Nov-19
INZ109,35,145,IN05,5-Apr-19
INZ287,8,61,IN01,28-Oct-19
INZ229,53,90,IN07,31-Jan-19
INZ112,71,134,IN06,3-Oct-19
INZ191,34,57,IN02,9-Jul-19
INZ078,60,200,IN03,16-Nov-19
INZ022,19,99,IN07,4-Mar-19
INZ169,137,41,IN07,24-Mar-19
INZ216,31,144,IN02,31-Mar-19
INZ204,108,18,IN02,5-Oct-19
INZ270,25,120,IN01,12-Apr-19
INZ136,131,43,IN06,31-May-19
INZ111,147,53,IN01,21-Aug-19
INZ178,85,106,IN04,7-Mar-19
INZ008,130,36,IN04,5-Oct-19
INZ206,123,120,IN01,4-Dec-19
INZ130,78,18,IN06,6-Jul-19
INZ170,109,70,IN07,31-Jan-19
INZ177,63,119,IN01,2-Oct-19
INZ046,106,165,IN03,11-Jul-19
INZ126,141,111,IN03,17-Feb-19
INZ267,72,15,IN05,2-Jul-19
INZ061,115,41,IN01,11-Dec-19
INZ083,83,44,IN03,22-Apr-19
INZ163,132,43,IN07,28-Sep-19
INZ239,120,16,IN01,2-Mar-19
INZ147,30,152,IN03,12-Mar-19
INZ242,89,196,IN05,27-Jun-19
INZ106,129,80,IN03,11-Sep-19
INZ100,145,185,IN03,16-Nov-19
INZ191,59,55,IN04,23-Apr-19
INZ158,43,7,IN03,19-Feb-19
INZ154,68,81,IN04,18-Aug-19
INZ230,138,49,IN06,15-Jun-19
INZ037,11,5,IN05,24-Jan-19
INZ118,35,38,IN03,1-Oct-19
INZ061,69,184,IN03,15-Jan-19
INZ244,114,181,IN06,7-Aug-19
INZ158,38,69,IN02,29-Sep-19
INZ151,57,75,IN01,23-Jan-19
INZ224,121,76,IN07,23-Jul-19
INZ078,93,170,IN03,31-Jul-19
INZ004,54,42,IN03,6-Jul-19
INZ085,16,41,IN03,23-Apr-19
INZ147,7,9,IN03,12-Mar-19
INZ113,101,160,IN04,11-Sep-19
INZ262,73,1,IN07,16-Apr-19
INZ268,137,182,IN04,18-Oct-19
INZ212,99,45,IN07,31-Mar-19
INZ096,10,183,IN05,17-May-19
INZ057,49,171,IN07,5-Feb-19
INZ282,49,138,IN07,22-Jun-19
INZ189,25,166,IN04,17-Sep-19
INZ293,89,51,IN07,21-Feb-19
INZ242,132,58,IN03,24-Mar-19
INZ094,147,20,IN03,30-Aug-19
INZ195,89,196,IN05,29-Jun-19
INZ142,138,107,IN05,18-Jun-19
INZ146,14,74,IN04,4-Dec-19
INZ215,142,16,IN03,5-Jul-19
INZ292,96,8,IN03,28-Nov-19
INZ072,68,183,IN07,3-Aug-19
INZ243,58,52,IN01,9-Sep-19
INZ292,17,4,IN03,28-Oct-19
INZ093,10,130,IN06,7-Aug-19
INZ036,58,99,IN03,14-Nov-19
INZ053,36,79,IN01,21-Aug-19
INZ147,118,57,IN03,28-Oct-19
INZ075,21,196,IN02,3-Jun-19
INZ021,113,87,IN04,13-Aug-19
INZ157,134,146,IN04,6-Sep-19
INZ282,92,197,IN02,1-Nov-19
INZ046,135,69,IN02,7-Jan-19
INZ036,72,7,IN06,12-Aug-19
INZ129,59,59,IN03,9-Jun-19
INZ043,135,89,IN07,6-Dec-19
INZ092,138,160,IN06,23-Oct-19
INZ020,74,87,IN06,29-Jun-19
INZ005,13,146,IN04,10-Apr-19
INZ168,131,74,IN05,9-Jul-19
INZ161,4,64,IN04,4-Jul-19
INZ062,26,51,IN02,23-Jan-19
INZ221,101,77,IN04,20-Aug-19
INZ011,66,23,IN04,4-Nov-19
INZ132,81,26,IN01,2-Aug-19
INZ152,75,146,IN02,18-Jun-19
INZ133,146,24,IN03,19-Mar-19
INZ095,116,148,IN02,4-Nov-19
INZ293,108,21,IN03,9-Feb-19
INZ238,2,67,IN02,9-Aug-19
INZ037,120,107,IN03,13-Mar-19
INZ205,79,154,IN06,4-Jun-19
INZ130,133,187,IN02,13-Sep-19
INZ248,127,156,IN07,3-Feb-19
INZ011,133,169,IN04,22-Nov-19
INZ145,2,33,IN07,12-Jan-19
INZ269,92,161,IN04,19-Sep-19
INZ086,60,57,IN01,1-Dec-19
INZ131,146,185,IN07,6-Jun-19
INZ173,3,59,IN03,24-Feb-19
INZ019,9,70,IN02,14-Jun-19
INZ126,24,15,IN07,4-Feb-19
INZ121,87,59,IN05,12-Feb-19
INZ165,49,186,IN03,15-Feb-19
INZ074,150,23,IN06,9-Jan-19
INZ027,9,42,IN03,14-Jan-19
INZ259,123,193,IN06,9-Jan-19
INZ190,1,36,IN01,11-Apr-19
INZ235,67,81,IN02,3-Apr-19
INZ133,41,120,IN06,28-Jul-19
INZ175,105,48,IN07,1-Jun-19
INZ007,82,139,IN07,29-Mar-19
INZ033,100,137,IN03,26-Sep-19
INZ171,57,119,IN07,4-Jul-19
INZ208,79,156,IN02,8-Nov-19
INZ099,55,121,IN02,6-Oct-19
INZ218,29,84,IN02,11-Aug-19
INZ059,6,91,IN02,24-Jul-19
INZ289,28,142,IN02,13-May-19
INZ010,139,193,IN06,10-Jan-19
INZ286,102,191,IN02,2-Aug-19
INZ041,137,183,IN02,28-Nov-19
INZ139,104,77,IN01,29-Nov-19
INZ049,121,87,IN05,6-Mar-19
INZ177,79,160,IN05,14-May-19
INZ297,12,118,IN01,18-Jan-19
INZ036,85,151,IN07,9-Nov-19
INZ042,133,176,IN04,6-Nov-19
INZ199,34,124,IN01,16-Feb-19
INZ281,55,6,IN02,21-Oct-19
INZ195,90,167,IN04,15-Apr-19
INZ197,119,29,IN07,10-Mar-19
INZ215,49,194,IN02,5-Mar-19
INZ218,33,179,IN03,27-Apr-19
INZ108,139,94,IN05,4-Jul-19
INZ078,147,59,IN07,15-Sep-19
INZ242,59,68,IN02,19-Jul-19
INZ155,101,157,IN04,20-Oct-19
INZ006,109,114,IN03,14-Jul-19
INZ285,42,65,IN01,13-May-19
INZ230,125,65,IN06,2-Nov-19
INZ011,45,146,IN05,18-Feb-19
INZ237,79,48,IN07,10-Mar-19
INZ206,112,77,IN05,9-Oct-19
INZ241,50,152,IN04,16-Mar-19
INZ162,28,142,IN05,21-Jun-19
INZ010,7,29,IN01,16-Dec-19
INZ273,81,101,IN02,11-Jun-19
INZ095,124,68,IN05,15-Jul-19
INZ146,96,58,IN03,23-Feb-19
INZ025,101,150,IN03,8-Mar-19
INZ001,104,150,IN01,22-Feb-19
INZ029,65,83,IN07,13-Sep-19
INZ008,70,175,IN05,19-Dec-19
INZ031,123,105,IN07,13-Feb-19
INZ246,33,16,IN07,24-Mar-19
INZ197,46,88,IN01,27-Feb-19
INZ107,20,157,IN01,27-May-19
INZ061,39,153,IN06,30-Nov-19
INZ092,126,73,IN01,20-Sep-19
INZ153,53,153,IN07,27-Feb-19
INZ079,77,59,IN06,3-May-19
INZ132,117,122,IN06,3-Mar-19
INZ173,60,42,IN06,18-Aug-19
INZ060,95,25,IN06,2-Sep-19
INZ105,19,52,IN04,27-Nov-19
INZ031,59,186,IN07,13-Mar-19
INZ185,37,117,IN02,13-Sep-19
INZ174,100,30,IN01,26-Jun-19
INZ178,140,17,IN06,19-Dec-19
INZ148,61,90,IN07,2-Apr-19
INZ004,90,166,IN07,26-Mar-19
INZ128,59,180,IN06,2-Mar-19
INZ121,7,187,IN01,7-Oct-19
INZ076,112,97,IN06,22-Sep-19
INZ231,77,64,IN06,7-Mar-19
INZ123,104,151,IN01,2-Jul-19
INZ152,52,25,IN04,23-May-19
INZ015,102,148,IN04,5-Jun-19
INZ227,106,92,IN02,11-Nov-19
INZ001,4,186,IN03,14-May-19
INZ054,44,47,IN07,28-May-19
INZ105,139,148,IN07,19-Jun-19
INZ264,81,32,IN04,4-May-19
INZ029,137,151,IN07,15-Sep-19
INZ082,143,6,IN07,18-Feb-19
INZ013,145,140,IN03,27-Feb-19
INZ286,80,123,IN03,3-Jul-19
INZ159,142,2,IN07,10-Oct-19
INZ033,22,154,IN07,22-Mar-19
INZ188,19,37,IN06,6-Jan-19
INZ225,100,152,IN07,9-Aug-19
INZ194,8,91,IN02,18-May-19
INZ185,63,72,IN01,15-Mar-19
INZ131,40,2,IN01,22-Aug-19
INZ218,73,127,IN04,6-Aug-19
INZ172,94,115,IN01,4-Apr-19
INZ050,86,37,IN06,17-Apr-19
INZ026,15,95,IN03,15-May-19
INZ154,87,35,IN05,22-Aug-19
INZ039,145,117,IN02,2-Nov-19
INZ096,8,133,IN06,1-Feb-19
INZ234,136,18,IN02,11-Nov-19
INZ211,76,75,IN07,5-Jun-19
INZ049,94,18,IN02,22-May-19
INZ100,93,32,IN03,5-Feb-19
INZ142,54,200,IN04,6-Jan-19
INZ099,143,189,IN01,27-Nov-19
INZ055,141,12,IN03,31-Jan-19
INZ221,68,71,IN05,27-Nov-19
INZ039,19,32,IN01,15-Aug-19
INZ214,103,167,IN06,22-Jun-19
INZ207,84,103,IN06,3-Nov-19
INZ120,87,90,IN05,14-Aug-19
INZ067,95,165,IN06,6-Jan-19
INZ099,96,152,IN06,3-Feb-19
INZ073,86,11,IN02,22-Jan-19
INZ271,19,101,IN07,8-Dec-19
INZ091,109,66,IN07,13-Nov-19
INZ096,127,174,IN07,25-Mar-19
INZ215,109,35,IN06,23-Jul-19
INZ147,122,143,IN06,11-Mar-19
INZ041,88,52,IN01,31-Oct-19
INZ295,32,4,IN03,14-Jul-19
INZ140,101,162,IN04,1-Dec-19
INZ029,41,74,IN05,23-May-19
INZ144,75,133,IN04,6-Nov-19
INZ013,64,171,IN04,27-Jan-19
INZ066,150,188,IN05,11-Jan-19
INZ048,84,62,IN03,10-Mar-19
INZ205,59,1,IN03,11-Sep-19
INZ190,107,195,IN01,9-May-19
INZ043,101,50,IN07,30-Nov-19
INZ109,56,118,IN03,5-Dec-19
INZ161,128,85,IN01,1-Feb-19
INZ075,36,189,IN03,6-Feb-19
INZ098,114,31,IN03,5-Feb-19
INZ015,41,197,IN02,3-Sep-19
INZ242,26,58,IN04,9-Oct-19
INZ274,70,22,IN02,24-Nov-19
INZ215,25,130,IN04,2-Sep-19
INZ191,150,19,IN04,28-Apr-19
INZ263,112,153,IN01,18-Apr-19
INZ125,75,82,IN03,24-Sep-19
INZ270,121,52,IN05,10-Nov-19
INZ179,57,173,IN02,8-Apr-19
INZ149,10,148,IN04,11-Jan-19
INZ197,6,176,IN07,27-Nov-19
INZ112,117,99,IN01,27-Jul-19
INZ129,24,11,IN03,24-May-19
INZ008,22,161,IN07,3-May-19
INZ051,38,183,IN07,25-Feb-19
INZ168,9,11,IN05,24-Feb-19
INZ167,56,81,IN01,13-Jun-19
INZ259,30,31,IN04,17-Mar-19
INZ002,26,30,IN01,16-Mar-19
INZ296,65,161,IN06,27-Nov-19
INZ233,105,123,IN07,19-May-19
INZ035,147,188,IN05,26-May-19
INZ227,93,97,IN07,15-Dec-19
INZ173,87,34,IN06,24-Aug-19
INZ080,68,120,IN06,3-Aug-19
INZ090,99,33,IN05,3-Dec-19
INZ253,112,128,IN01,26-Sep-19
INZ245,12,161,IN03,21-Apr-19
INZ184,143,54,IN03,23-Aug-19
INZ156,5,143,IN06,8-Mar-19
INZ232,65,149,IN03,4-Dec-19
INZ056,103,61,IN07,4-Jun-19
INZ270,95,129,IN03,16-Apr-19
INZ286,63,158,IN03,3-Apr-19
INZ022,137,98,IN01,15-Jan-19
INZ225,27,53,IN05,1-Jun-19
INZ226,19,130,IN06,3-Aug-19
INZ035,1,33,IN07,4-Nov-19
INZ158,60,155,IN03,3-Feb-19
INZ137,145,198,IN07,29-Mar-19
INZ224,100,180,IN05,25-Nov-19
INZ149,90,144,IN02,20-Jun-19
INZ155,87,28,IN03,5-Aug-19
INZ013,34,27,IN06,16-Dec-19
INZ233,87,85,IN06,14-Apr-19
INZ017,112,93,IN04,30-Nov-19
INZ144,66,113,IN05,6-Feb-19
INZ018,35,181,IN05,21-Jan-19
INZ298,127,92,IN05,25-May-19
INZ292,94,192,IN01,1-Dec-19
INZ077,28,46,IN01,31-Jul-19
INZ142,86,176,IN03,5-Jan-19
INZ257,42,35,IN04,18-Apr-19
INZ277,98,71,IN05,26-Jun-19
INZ269,119,125,IN04,13-May-19
INZ259,114,22,IN05,17-Feb-19
INZ231,5,10,IN04,3-Jun-19
INZ006,114,102,IN01,2-Jul-19
INZ143,88,176,IN05,28-May-19
INZ236,114,181,IN07,21-Jul-19
INZ285,34,99,IN07,23-Jul-19
INZ290,76,89,IN05,6-Mar-19
INZ108,48,114,IN03,11-Jul-19
INZ164,80,126,IN01,7-Nov-19
INZ109,6,10,IN05,6-Sep-19
INZ234,26,126,IN04,5-Feb-19
INZ103,146,136,IN04,1-Aug-19
INZ100,53,106,IN01,26-Sep-19
INZ261,139,32,IN03,13-Nov-19
INZ284,55,11,IN02,9-Apr-19
INZ008,36,8,IN03,20-Apr-19
INZ226,98,138,IN04,2-May-19
INZ149,95,33,IN06,20-Nov-19
INZ057,51,17,IN02,12-Jan-19
INZ205,120,135,IN03,3-Apr-19
INZ205,81,95,IN01,17-Mar-19
INZ124,120,47,IN04,26-Nov-19
INZ036,116,36,IN01,29-Jan-19
INZ148,150,182,IN03,28-May-19
INZ121,55,152,IN06,28-Aug-19
INZ251,136,198,IN03,29-May-19
INZ191,21,59,IN02,12-Aug-19
INZ137,3,171,IN05,7-Apr-19
INZ095,120,194,IN02,19-Aug-19
INZ050,39,30,IN04,3-Aug-19
INZ110,60,195,IN04,26-Jun-19
INZ059,2,106,IN07,22-May-19
INZ247,137,143,IN04,24-Oct-19
INZ011,140,40,IN02,17-Jan-19
INZ191,118,41,IN02,12-Aug-19
INZ129,91,199,IN07,25-May-19
INZ242,108,19,IN06,27-Jan-19
INZ259,61,74,IN06,12-Oct-19
INZ236,59,153,IN07,13-Apr-19
INZ018,93,159,IN05,22-Feb-19
INZ270,104,25,IN04,26-Apr-19
INZ027,33,169,IN04,12-Dec-19
INZ082,41,164,IN04,22-Jul-19
INZ294,104,50,IN02,7-Feb-19
INZ182,26,149,IN07,22-Apr-19
INZ008,16,44,IN02,26-Mar-19
INZ269,50,146,IN01,16-May-19
INZ292,73,185,IN02,18-Jun-19
INZ240,117,146,IN01,22-Feb-19
INZ275,84,191,IN03,1-Aug-19
INZ240,31,121,IN03,15-Dec-19
INZ189,93,130,IN06,27-May-19
INZ171,18,190,IN06,7-Jul-19
INZ275,50,4,IN02,22-Mar-19
INZ157,85,200,IN06,3-Sep-19
INZ260,28,8,IN07,22-Nov-19
INZ179,69,184,IN05,19-Jan-19
INZ036,37,149,IN05,14-Jan-19
INZ287,111,83,IN06,26-Nov-19
INZ078,22,38,IN05,5-Sep-19
INZ057,138,137,IN06,11-May-19
INZ165,141,146,IN01,1-Oct-19
INZ163,140,47,IN03,13-Jul-19
INZ267,43,6,IN04,4-Dec-19
INZ014,44,198,IN03,7-Dec-19
INZ150,49,141,IN03,5-Feb-19
INZ122,137,44,IN05,24-May-19
INZ279,49,101,IN02,19-Mar-19
INZ227,138,169,IN03,2-Nov-19
INZ253,136,126,IN01,14-Dec-19
INZ245,3,135,IN06,6-May-19
INZ047,138,136,IN02,15-Aug-19
INZ203,92,46,IN01,9-Jun-19
INZ051,52,139,IN01,25-Mar-19
INZ186,126,179,IN05,26-Jan-19
INZ162,108,61,IN07,7-Nov-19
INZ084,38,138,IN07,13-Aug-19
INZ029,19,145,IN01,14-Mar-19
INZ252,116,125,IN06,28-Jun-19
INZ088,14,162,IN06,17-Oct-19
INZ285,76,47,IN02,13-Mar-19
INZ069,115,194,IN05,24-Apr-19
INZ074,32,177,IN06,13-Jun-19
INZ298,117,62,IN01,28-Apr-19
INZ051,111,122,IN03,12-Jun-19
INZ227,115,155,IN02,16-Apr-19
INZ227,112,46,IN01,6-Jan-19
INZ197,129,41,IN02,7-Jul-19
INZ283,144,131,IN01,27-Oct-19
INZ198,59,141,IN05,29-Mar-19
INZ260,78,129,IN03,24-Jun-19
INZ235,45,88,IN05,22-Feb-19
INZ002,67,99,IN06,4-Sep-19
INZ117,120,154,IN07,14-Jan-19
INZ216,29,92,IN02,10-May-19
INZ214,50,7,IN04,3-Apr-19
INZ193,69,42,IN02,27-Oct-19
INZ139,87,130,IN01,21-Dec-19
INZ104,142,15,IN06,20-Aug-19
INZ251,2,65,IN01,14-Sep-19
INZ244,25,75,IN03,12-Sep-19
INZ291,127,77,IN07,11-Jul-19
INZ056,82,183,IN02,9-Jul-19
INZ140,126,154,IN02,1-May-19
INZ050,126,79,IN03,6-Jan-19
INZ152,1,98,IN05,5-Mar-19
INZ238,86,144,IN03,13-Apr-19
INZ126,32,193,IN07,30-Nov-19
INZ192,124,0,IN07,16-Jul-19
INZ264,106,69,IN03,26-Sep-19
INZ220,2,126,IN05,12-Mar-19
INZ088,12,68,IN02,10-Feb-19
INZ052,10,147,IN03,2-May-19
INZ106,60,31,IN02,24-Sep-19
INZ185,137,34,IN04,16-Aug-19
INZ050,74,77,IN05,31-Mar-19
INZ243,122,170,IN03,12-Nov-19
INZ003,118,38,IN03,16-Apr-19
INZ037,36,95,IN01,30-Oct-19
INZ146,128,65,IN02,12-Mar-19
INZ083,58,49,IN04,26-Apr-19
INZ079,89,90,IN02,17-Jul-19
INZ215,2,44,IN06,2-Sep-19
INZ093,26,168,IN03,24-May-19
INZ006,76,40,IN05,7-Mar-19
INZ139,133,8,IN02,14-Apr-19
INZ182,38,137,IN05,16-Jul-19
INZ230,122,68,IN07,29-Jun-19
INZ282,79,103,IN02,19-Nov-19
INZ152,145,192,IN06,27-Jan-19
INZ111,26,7,IN06,23-Feb-19
INZ104,53,78,IN05,24-Sep-19
INZ113,62,175,IN04,17-Oct-19
INZ200,132,180,IN02,16-Feb-19
INZ044,66,163,IN06,13-May-19
INZ014,43,111,IN06,22-Nov-19
INZ033,45,117,IN01,18-Nov-19
INZ073,10,177,IN01,13-Sep-19
INZ194,134,134,IN06,29-May-19
INZ003,138,143,IN04,4-Dec-19
INZ183,94,193,IN03,20-Jul-19
INZ022,6,198,IN04,29-Aug-19
INZ267,149,143,IN06,24-Feb-19
INZ234,53,51,IN03,7-Sep-19
INZ057,148,85,IN01,16-Jun-19
INZ015,36,117,IN06,3-Jul-19
INZ159,7,124,IN05,21-Mar-19
INZ071,44,182,IN05,2-Aug-19
INZ261,135,137,IN07,12-Sep-19
INZ135,13,194,IN01,25-Oct-19
INZ136,16,89,IN05,7-Jul-19
INZ083,140,131,IN06,14-Dec-19
INZ037,80,200,IN07,17-Nov-19
INZ182,21,105,IN02,4-Jun-19
INZ170,133,173,IN07,1-Apr-19
INZ043,46,174,IN04,29-Jan-19
INZ219,68,70,IN04,22-Jul-19
INZ159,121,78,IN03,21-Mar-19
INZ116,124,69,IN01,4-Aug-19
INZ179,55,156,IN03,1-Oct-19
INZ163,59,72,IN05,20-Jun-19
INZ213,65,17,IN01,30-Sep-19
INZ180,53,57,IN03,21-Sep-19
INZ147,142,187,IN01,24-Mar-19
INZ258,136,105,IN05,10-Mar-19
INZ239,107,135,IN01,6-Apr-19
INZ067,51,116,IN01,29-Mar-19
INZ121,26,36,IN06,4-Nov-19
INZ072,110,65,IN05,12-Feb-19
INZ269,78,43,IN03,28-Apr-19
INZ117,11,89,IN03,17-Apr-19
INZ169,18,94,IN05,4-Oct-19
INZ063,52,67,IN04,30-Jan-19
INZ214,76,101,IN07,23-Oct-19
INZ202,108,131,IN02,10-Sep-19
INZ227,85,55,IN07,26-Oct-19
INZ046,107,3,IN07,28-Jul-19
INZ026,104,73,IN05,13-Mar-19
INZ195,8,52,IN03,29-May-19
INZ287,7,166,IN05,15-Sep-19
INZ154,18,183,IN07,25-May-19
INZ026,115,108,IN05,21-Aug-19
INZ079,135,137,IN02,18-Jan-19
INZ140,143,119,IN07,8-Jan-19
INZ177,32,13,IN04,29-May-19
INZ064,102,83,IN03,12-Feb-19
INZ248,58,192,IN07,22-Oct-19
INZ004,139,100,IN06,15-Nov-19
INZ228,112,32,IN07,8-Aug-19
INZ026,86,151,IN05,17-Feb-19
INZ234,6,8,IN04,17-Sep-19
INZ117,106,165,IN07,18-Jan-19
INZ163,55,106,IN05,9-Nov-19
INZ266,133,72,IN02,25-Aug-19
INZ122,10,120,IN01,9-Nov-19
INZ047,7,59,IN02,22-Mar-19
INZ072,110,184,IN05,27-Apr-19
INZ161,52,13,IN03,31-Jan-19
INZ021,60,128,IN01,1-Nov-19
INZ165,90,18,IN02,16-Apr-19
INZ134,141,185,IN07,20-Jun-19
INZ086,135,119,IN06,26-Aug-19
INZ098,144,109,IN07,22-Jun-19
INZ217,128,141,IN06,28-May-19
INZ060,122,128,IN06,15-Jan-19
INZ293,150,130,IN06,15-Dec-19
INZ038,25,67,IN04,7-Aug-19
INZ131,71,123,IN01,13-Dec-19
INZ023,93,43,IN05,3-Apr-19
INZ232,5,111,IN01,1-Sep-19
INZ274,28,139,IN01,6-Aug-19
INZ271,58,67,IN02,11-Feb-19
INZ006,59,78,IN06,17-Oct-19
INZ076,53,158,IN05,25-Apr-19
INZ185,37,71,IN03,8-Mar-19
INZ122,25,38,IN04,8-Nov-19
INZ166,97,158,IN03,29-Sep-19
INZ102,54,91,IN05,5-Nov-19
INZ295,51,171,IN02,18-Feb-19
INZ109,81,162,IN04,30-Oct-19
INZ286,24,132,IN03,20-Jul-19
INZ288,83,159,IN05,20-Oct-19
INZ139,67,168,IN07,24-Jul-19
INZ277,39,67,IN01,3-Mar-19
INZ183,140,163,IN06,7-Feb-19
INZ090,50,4,IN05,12-Jan-19
INZ024,120,198,IN01,7-Mar-19
INZ127,13,103,IN06,3-Feb-19
INZ139,9,17,IN01,21-Aug-19
INZ169,108,114,IN07,5-May-19
INZ255,126,168,IN02,13-Feb-19
INZ075,11,121,IN04,8-Oct-19
INZ148,140,48,IN06,5-Oct-19
INZ293,44,197,IN04,17-Jul-19
INZ026,105,187,IN06,7-Jan-19
INZ121,81,152,IN03,9-Dec-19
INZ210,11,114,IN07,15-Aug-19
INZ132,8,111,IN01,30-Apr-19
INZ284,11,180,IN02,24-Jan-19
INZ242,93,179,IN04,8-Sep-19
INZ190,94,126,IN06,29-Jun-19
INZ149,24,134,IN03,2-Apr-19
INZ059,23,197,IN01,1-Apr-19
INZ023,146,186,IN05,14-Dec-19
INZ251,132,73,IN01,14-Apr-19
INZ271,139,194,IN04,3-Oct-19
INZ277,50,14,IN05,20-Jun-19
INZ239,130,31,IN04,20-Jun-19
INZ039,35,19,IN04,15-Aug-19
INZ030,32,31,IN01,22-Aug-19
INZ187,42,76,IN03,7-Jan-19
INZ112,95,126,IN03,4-Jul-19
INZ067,14,133,IN03,15-Jan-19
INZ107,88,40,IN05,6-Oct-19
INZ129,67,125,IN06,9-Dec-19
INZ163,135,111,IN06,28-Nov-19
INZ138,24,159,IN01,28-May-19
INZ125,132,172,IN05,21-Aug-19
INZ260,145,16,IN06,13-Jul-19
INZ171,109,95,IN02,18-Apr-19
INZ239,115,200,IN03,3-Nov-19
INZ129,128,77,IN03,19-Dec-19
INZ062,120,142,IN06,13-Jul-19
INZ014,131,198,IN03,10-Apr-19
INZ257,72,21,IN03,20-Jan-19
INZ096,23,97,IN03,11-Nov-19
INZ216,20,77,IN04,2-Aug-19
INZ255,57,90,IN07,19-Jul-19
INZ002,42,156,IN03,16-Jul-19
INZ275,140,75,IN01,16-Nov-19
INZ207,32,124,IN01,14-Nov-19
INZ051,22,0,IN02,21-Sep-19
INZ037,89,122,IN05,29-Oct-19
INZ128,122,132,IN02,16-Jan-19
INZ002,96,153,IN05,18-Jan-19
INZ116,15,73,IN01,22-Jun-19
INZ139,136,97,IN05,26-Nov-19
INZ154,74,36,IN06,10-Apr-19
INZ102,98,180,IN05,20-Mar-19
INZ180,84,35,IN02,27-Nov-19
INZ001,26,183,IN06,22-Jul-19
INZ188,28,5,IN07,5-Jan-19
INZ003,116,190,IN05,1-Dec-19
INZ053,122,28,IN04,4-Aug-19
INZ211,125,190,IN07,13-Apr-19
INZ253,116,162,IN04,17-Mar-19
INZ161,98,179,IN01,13-Jun-19
INZ190,58,147,IN04,31-Oct-19
INZ189,112,9,IN02,21-Jun-19
INZ268,130,19,IN04,28-Aug-19
INZ210,87,62,IN01,19-Jul-19
INZ028,146,63,IN06,22-Aug-19
INZ283,116,81,IN06,20-Dec-19
INZ242,73,82,IN02,5-Mar-19
INZ253,56,18,IN07,26-Feb-19
INZ094,117,24,IN06,27-Jun-19
INZ158,104,51,IN04,13-Oct-19
INZ197,47,152,IN06,8-Jul-19
INZ119,131,164,IN07,3-Jul-19
INZ137,130,56,IN02,3-Oct-19
INZ126,8,26,IN03,27-Feb-19
INZ212,12,85,IN01,24-Sep-19
INZ070,62,150,IN04,17-Dec-19
INZ036,6,51,IN04,5-Dec-19
INZ212,115,174,IN01,21-Nov-19
INZ216,130,2,IN07,28-Jan-19
INZ131,100,154,IN01,15-Oct-19
INZ254,11,99,IN04,4-Feb-19
INZ186,98,150,IN01,11-Oct-19
INZ158,28,31,IN02,10-Jul-19
INZ181,52,8,IN07,2-Feb-19
INZ139,143,132,IN06,31-Mar-19
INZ234,85,134,IN05,10-Jun-19
INZ043,126,165,IN07,10-Nov-19
INZ212,65,66,IN02,31-May-19
INZ228,17,52,IN04,6-Jan-19
INZ220,76,124,IN07,27-Nov-19
INZ158,144,41,IN05,2-Nov-19
INZ137,33,161,IN06,11-Jan-19
INZ185,115,153,IN05,24-May-19
INZ166,106,13,IN02,20-Oct-19
INZ107,60,46,IN05,15-Dec-19
INZ151,35,175,IN06,11-Sep-19
INZ243,126,193,IN05,30-Sep-19
INZ249,48,86,IN03,18-Mar-19
INZ169,9,35,IN01,14-Nov-19
INZ274,125,14,IN07,7-May-19
INZ155,141,3,IN05,24-Apr-19
INZ060,117,40,IN07,12-Jan-19
INZ021,139,148,IN07,28-Sep-19
INZ128,26,195,IN05,25-Apr-19
INZ289,27,188,IN01,8-Jul-19
INZ054,7,81,IN05,13-Jul-19
INZ072,112,133,IN03,8-Oct-19
INZ018,56,60,IN02,24-Aug-19
INZ033,15,127,IN06,9-Oct-19
INZ044,64,127,IN02,25-Feb-19
INZ144,77,1,IN04,15-Jan-19
INZ124,11,32,IN04,19-Dec-19
INZ035,90,63,IN06,3-Jun-19
INZ149,127,15,IN04,14-Sep-19
INZ151,141,12,IN05,28-Apr-19
INZ250,55,44,IN02,3-Nov-19
INZ299,141,115,IN05,30-May-19
INZ115,82,57,IN04,5-Sep-19
INZ280,6,152,IN05,26-Nov-19
INZ134,76,172,IN03,9-Oct-19
INZ086,53,187,IN05,10-May-19
INZ024,86,58,IN01,14-Jul-19
INZ198,67,16,IN06,27-Mar-19
INZ091,82,45,IN05,10-Dec-19
INZ195,21,100,IN05,4-Sep-19
INZ155,102,20,IN03,30-Jul-19
INZ226,101,27,IN04,7-Feb-19
INZ220,59,104,IN02,2-Mar-19
INZ112,120,19,IN01,4-Jun-19
INZ001,101,52,IN05,17-Mar-19
INZ226,126,44,IN02,29-Oct-19
INZ012,70,103,IN02,9-Oct-19
INZ233,136,154,IN07,16-Jun-19
INZ214,84,6,IN07,30-Mar-19
INZ209,62,195,IN01,8-May-19
INZ235,16,168,IN02,21-Oct-19
INZ177,64,170,IN04,15-Mar-19
INZ243,3,17,IN02,21-Jun-19
INZ192,50,128,IN05,10-Mar-19
INZ190,104,100,IN03,4-Dec-19
INZ136,131,52,IN02,18-Oct-19
INZ151,143,147,IN01,14-Sep-19
INZ117,93,163,IN01,16-Jan-19
INZ177,86,78,IN07,30-Jan-19
INZ102,148,38,IN04,2-Oct-19
INZ114,38,110,IN02,5-Apr-19
INZ273,75,195,IN01,19-Jun-19
INZ100,25,55,IN06,11-Feb-19
INZ252,124,85,IN07,7-Feb-19
INZ158,108,63,IN07,17-Nov-19
INZ239,119,191,IN06,25-Apr-19
INZ292,19,175,IN02,22-Jun-19
INZ174,80,191,IN05,26-Apr-19
INZ228,135,33,IN01,8-Oct-19
INZ153,71,11,IN04,21-Sep-19
INZ188,78,61,IN06,6-Jun-19
INZ042,8,7,IN04,31-Jan-19
INZ160,97,86,IN02,5-Jan-19
INZ002,20,141,IN03,11-Apr-19
INZ100,124,102,IN02,1-Jul-19
INZ269,72,60,IN06,11-Oct-19
INZ207,140,63,IN05,21-Jan-19
INZ098,5,169,IN02,12-Nov-19
INZ144,146,45,IN01,23-Nov-19
INZ005,10,88,IN04,28-Sep-19
INZ171,95,87,IN06,17-Nov-19
INZ199,111,187,IN02,8-Apr-19
INZ239,71,192,IN04,21-Dec-19
INZ112,140,65,IN06,4-Jun-19
INZ056,130,140,IN06,3-May-19
INZ245,134,10,IN03,5-Aug-19
INZ095,84,81,IN02,14-Aug-19
INZ228,21,104,IN04,14-Jun-19
INZ219,136,69,IN01,23-Feb-19
INZ211,82,86,IN01,19-Jan-19
INZ159,94,15,IN04,22-Aug-19
INZ019,86,147,IN01,28-Aug-19
INZ183,88,127,IN03,17-Feb-19
INZ042,47,125,IN04,27-Mar-19
INZ100,41,78,IN02,24-Feb-19
INZ282,39,141,IN07,23-Jun-19
INZ125,126,172,IN01,4-May-19
INZ054,137,176,IN02,1-Sep-19
INZ100,129,15,IN01,12-Dec-19
INZ215,57,163,IN07,22-Nov-19
INZ137,6,170,IN06,1-Jun-19
INZ278,13,182,IN02,9-Mar-19
INZ242,68,134,IN03,8-Apr-19
INZ049,68,174,IN05,26-Jul-19
INZ107,104,49,IN03,7-Dec-19
INZ191,96,22,IN03,4-Sep-19
INZ035,23,93,IN03,12-Jan-19
INZ140,94,43,IN01,22-Oct-19
INZ161,14,194,IN07,30-Sep-19
INZ041,119,108,IN04,13-Jan-19
INZ278,136,5,IN07,2-Sep-19
INZ048,61,126,IN05,21-Jan-19
INZ084,95,28,IN04,24-May-19
INZ290,77,29,IN06,8-Feb-19
INZ244,125,41,IN02,7-Apr-19
INZ197,143,0,IN02,9-Feb-19
INZ266,127,104,IN06,19-Feb-19
INZ041,40,152,IN02,20-Aug-19
INZ003,29,54,IN02,4-Apr-19
INZ261,131,156,IN04,4-Jun-19
INZ067,56,186,IN03,10-Mar-19
INZ247,92,179,IN03,23-Nov-19
INZ202,59,46,IN07,10-Sep-19
INZ219,67,144,IN06,31-Jul-19
INZ215,62,106,IN01,15-Sep-19
INZ146,137,68,IN05,10-Feb-19
INZ264,91,116,IN03,28-Aug-19
INZ088,122,111,IN06,18-Apr-19
INZ205,81,61,IN07,18-Jan-19
INZ293,150,29,IN03,31-Mar-19
INZ063,132,159,IN01,19-Jan-19
INZ046,59,175,IN07,8-Nov-19
INZ246,30,13,IN04,27-May-19
INZ023,17,196,IN04,10-Jan-19
INZ282,113,140,IN01,24-Oct-19
INZ102,142,173,IN01,7-Mar-19
INZ073,66,88,IN02,5-Nov-19
INZ191,90,124,IN07,21-Nov-19
INZ029,121,117,IN01,17-Feb-19
INZ102,130,135,IN03,9-Sep-19
INZ146,3,107,IN05,21-Sep-19
INZ009,34,132,IN07,14-Jul-19
INZ022,82,14,IN06,15-Sep-19
INZ165,49,57,IN06,10-Nov-19
INZ122,122,118,IN02,2-Aug-19
INZ058,107,49,IN03,26-Nov-19
INZ018,126,70,IN05,13-Jan-19
INZ265,31,151,IN06,10-Jan-19
INZ152,39,110,IN02,8-Dec-19
INZ089,22,132,IN04,14-Nov-19
INZ096,105,66,IN02,15-Aug-19
INZ221,79,195,IN03,1-Oct-19
INZ097,25,130,IN03,16-May-19
INZ184,1,16,IN04,1-Aug-19
INZ030,116,20,IN05,1-Sep-19
INZ045,4,16,IN01,14-May-19
INZ173,12,107,IN06,12-Mar-19
INZ072,97,34,IN05,25-Mar-19
INZ021,150,198,IN05,12-Oct-19
INZ261,84,139,IN05,28-Jun-19
INZ006,128,71,IN03,18-Jan-19
INZ134,96,188,IN03,15-Dec-19
INZ275,4,187,IN03,27-Jul-19
INZ016,4,110,IN05,22-Mar-19
INZ287,131,190,IN02,16-Nov-19
INZ100,26,165,IN06,1-Feb-19
INZ267,98,167,IN06,6-Jul-19
INZ294,100,134,IN05,13-Feb-19
INZ199,92,30,IN02,27-May-19
INZ099,67,24,IN07,3-Sep-19
INZ119,96,175,IN06,20-Mar-19
INZ189,32,56,IN02,18-Jan-19
INZ273,40,148,IN05,27-Apr-19
INZ091,9,162,IN04,25-Oct-19
INZ099,99,11,IN05,31-Oct-19
INZ156,87,156,IN04,28-Oct-19
INZ271,90,107,IN01,15-Sep-19
INZ177,67,37,IN02,15-Apr-19
INZ035,64,63,IN03,29-Oct-19
INZ107,134,123,IN02,1-Jul-19
INZ088,110,173,IN07,18-Sep-19
INZ071,39,51,IN04,8-Sep-19
INZ258,119,94,IN01,30-Sep-19
INZ128,105,174,IN05,16-Oct-19
INZ067,3,168,IN04,8-Nov-19
INZ108,89,0,IN01,17-Mar-19
INZ041,64,114,IN05,13-Oct-19
INZ228,2,69,IN07,6-Jul-19
INZ054,83,173,IN02,5-Mar-19
INZ054,74,119,IN04,25-Jul-19
INZ266,131,71,IN01,13-Jan-19
INZ136,57,40,IN05,5-Mar-19
INZ053,68,110,IN07,2-Sep-19
INZ100,12,50,IN06,6-Dec-19
INZ064,83,43,IN05,25-Feb-19
INZ205,76,30,IN04,21-Jul-19
INZ022,127,169,IN02,2-Apr-19
INZ031,131,28,IN05,2-Apr-19
INZ133,1,177,IN03,12-Dec-19
INZ280,83,129,IN07,1-Jul-19
INZ202,10,84,IN02,6-Jan-19
INZ185,122,171,IN01,15-Feb-19
INZ145,84,47,IN02,19-Feb-19
INZ196,140,55,IN03,3-Jun-19
INZ057,12,49,IN02,29-Jul-19
INZ082,65,23,IN05,4-Jul-19
INZ041,87,91,IN06,22-Jul-19
INZ011,138,124,IN06,7-Feb-19
INZ125,97,157,IN02,15-Oct-19
INZ101,7,89,IN01,18-Feb-19
INZ177,106,109,IN05,12-May-19
INZ204,44,191,IN03,28-Mar-19
INZ259,118,86,IN03,15-Jun-19
INZ014,55,6,IN01,5-Jul-19
INZ093,7,114,IN03,27-Nov-19
INZ206,147,163,IN03,20-May-19
INZ163,62,147,IN03,7-Feb-19
INZ140,77,123,IN03,14-Oct-19
INZ172,30,163,IN02,3-Jul-19
INZ156,73,147,IN03,10-Mar-19
INZ127,110,200,IN06,4-Sep-19
INZ189,55,132,IN01,14-Jan-19
INZ099,4,47,IN04,10-Jul-19
INZ280,140,188,IN05,1-Feb-19
INZ216,91,71,IN03,4-Feb-19
INZ266,10,159,IN07,18-Sep-19
INZ152,72,132,IN06,23-Nov-19
INZ164,51,195,IN06,19-Sep-19
INZ051,27,32,IN01,8-Apr-19
INZ158,78,137,IN02,8-Aug-19
INZ036,51,49,IN03,11-Jul-19
INZ191,71,41,IN02,15-Dec-19
INZ220,43,67,IN04,4-Dec-19
INZ134,103,39,IN01,20-Mar-19
INZ178,31,189,IN03,29-Oct-19
INZ159,84,31,IN02,4-Nov-19
INZ130,29,143,IN06,18-Nov-19
INZ235,141,9,IN01,1-Feb-19
INZ009,44,156,IN04,22-Jul-19
INZ264,72,170,IN05,4-Aug-19
INZ171,73,131,IN06,6-May-19
INZ091,47,152,IN05,14-Sep-19
INZ225,115,25,IN04,20-Sep-19
INZ289,72,158,IN02,11-Mar-19
INZ085,64,54,IN02,23-Aug-19
INZ175,85,42,IN01,7-Nov-19
INZ160,75,135,IN07,24-Oct-19
INZ257,56,46,IN04,22-Oct-19
INZ034,12,88,IN01,10-Jan-19
INZ158,96,17,IN07,13-Feb-19
INZ060,45,30,IN02,19-Dec-19
INZ017,80,148,IN03,16-Jul-19
INZ002,124,146,IN06,22-Mar-19
INZ151,14,111,IN06,23-Feb-19
INZ019,147,155,IN02,27-Jan-19
INZ279,138,82,IN07,23-Mar-19
INZ056,96,57,IN03,26-Oct-19
INZ138,1,174,IN05,12-Sep-19
INZ016,120,135,IN01,25-Jan-19
INZ257,117,25,IN06,13-Nov-19
INZ207,33,83,IN05,8-Jan-19
INZ152,113,56,IN01,30-Mar-19
INZ216,71,169,IN06,13-Nov-19
INZ015,13,11,IN07,2-Aug-19
INZ015,143,188,IN06,29-Jun-19
INZ106,105,121,IN05,6-Feb-19
INZ011,38,4,IN01,1-Aug-19
INZ290,83,15,IN07,4-May-19
INZ121,67,84,IN03,15-Feb-19
INZ066,79,95,IN01,25-Sep-19
INZ014,124,139,IN04,16-Nov-19
INZ191,15,185,IN01,13-Dec-19
INZ159,119,123,IN02,23-Aug-19
INZ261,137,16,IN03,19-Jun-19
INZ300,90,44,IN03,26-Apr-19
INZ259,32,55,IN03,21-Aug-19
INZ053,124,8,IN06,13-Apr-19
INZ205,22,31,IN03,10-Sep-19
INZ095,82,6,IN04,22-Jul-19
INZ162,9,180,IN01,27-Nov-19
INZ192,71,7,IN04,23-Oct-19
INZ272,88,107,IN01,12-Dec-19
INZ212,11,34,IN07,24-May-19
INZ238,89,28,IN02,31-Mar-19
INZ021,39,90,IN01,10-Oct-19
INZ215,61,194,IN04,26-Oct-19
INZ253,78,146,IN02,23-Oct-19
INZ165,36,26,IN04,11-Nov-19
INZ263,81,94,IN06,3-Aug-19
INZ259,45,160,IN07,14-Jun-19
INZ007,14,196,IN05,15-Aug-19
INZ169,97,181,IN04,23-Oct-19
INZ001,94,129,IN04,15-Jan-19
INZ088,130,71,IN04,13-Jul-19
INZ112,115,26,IN04,1-Sep-19
INZ068,115,171,IN03,27-Feb-19
INZ207,108,151,IN06,14-Jul-19
INZ087,58,122,IN04,23-Sep-19
INZ082,86,96,IN03,30-Aug-19
INZ219,89,188,IN02,1-Oct-19
INZ116,107,198,IN02,4-Sep-19
INZ043,5,57,IN02,5-Jun-19
INZ265,18,134,IN01,30-May-19
INZ052,142,33,IN03,5-Jun-19
INZ009,150,184,IN05,17-Apr-19
INZ084,81,166,IN04,19-Jun-19
INZ295,34,101,IN05,7-Aug-19
INZ297,139,82,IN04,6-Apr-19
INZ017,132,17,IN07,8-Jul-19
INZ127,84,28,IN05,14-Oct-19
INZ174,44,109,IN01,6-Oct-19
INZ292,29,34,IN05,13-Sep-19
INZ204,13,146,IN06,28-Jun-19
INZ177,104,182,IN03,14-Mar-19
INZ043,80,13,IN01,28-Sep-19
INZ109,100,36,IN03,6-Jul-19
INZ024,24,185,IN04,6-Mar-19
INZ087,51,191,IN06,21-Nov-19
INZ209,126,142,IN02,10-Feb-19
INZ132,108,49,IN02,7-Jan-19
INZ234,53,166,IN02,4-Aug-19
INZ145,86,110,IN03,27-Nov-19
INZ124,20,35,IN07,21-Jan-19
INZ278,8,51,IN04,20-Jun-19
INZ149,64,180,IN06,25-Apr-19
INZ030,140,196,IN05,25-May-19
INZ027,41,20,IN03,24-Feb-19
INZ162,18,195,IN05,13-Dec-19
INZ208,90,144,IN03,14-Sep-19
INZ235,130,141,IN06,3-Apr-19
INZ290,6,171,IN03,13-Jan-19
INZ053,96,177,IN02,21-Dec-19
INZ044,23,73,IN03,9-May-19
INZ266,62,35,IN02,2-Dec-19
INZ031,14,105,IN03,16-Jan-19
INZ260,70,38,IN07,21-Jan-19
INZ190,77,146,IN02,11-Sep-19
INZ119,121,24,IN01,12-Jun-19
INZ238,140,149,IN07,13-Oct-19
INZ060,135,15,IN01,13-Feb-19
INZ261,35,66,IN05,13-Feb-19
INZ228,77,139,IN06,4-Jul-19
INZ175,116,122,IN05,23-Jan-19
INZ033,43,165,IN04,18-Jul-19
INZ197,145,71,IN06,26-Aug-19
INZ093,63,39,IN02,13-Apr-19
INZ258,52,160,IN04,27-Sep-19
INZ086,140,41,IN05,12-Dec-19
INZ208,99,84,IN04,7-Feb-19
INZ264,70,148,IN03,17-Mar-19
INZ019,38,17,IN02,1-Mar-19
INZ245,142,102,IN02,26-Mar-19
INZ152,149,155,IN02,24-Mar-19
INZ279,22,158,IN06,21-Feb-19
INZ107,117,13,IN02,5-Nov-19
INZ085,145,71,IN05,9-Sep-19
INZ012,108,72,IN07,6-Sep-19
INZ194,129,133,IN06,5-Apr-19
INZ008,131,1,IN02,22-Oct-19
INZ001,56,142,IN04,20-Mar-19
INZ042,150,9,IN05,6-Feb-19
INZ059,99,117,IN03,15-Mar-19
INZ137,52,11,IN03,9-Feb-19
INZ014,2,4,IN07,12-Aug-19
INZ170,66,181,IN02,22-Oct-19
INZ124,52,92,IN03,12-Jun-19
INZ276,132,64,IN02,10-Mar-19
INZ059,88,44,IN04,4-Oct-19
INZ262,98,89,IN06,18-Aug-19
INZ263,129,80,IN06,21-Feb-19
INZ285,140,41,IN03,12-Jan-19
INZ073,38,25,IN02,18-Dec-19
INZ207,122,142,IN07,20-Sep-19
INZ118,82,32,IN06,17-Aug-19
INZ104,142,158,IN04,7-Oct-19
INZ124,57,60,IN02,17-Apr-19
INZ150,150,134,IN02,10-Aug-19
INZ166,1,75,IN01,12-Nov-19
INZ241,133,87,IN04,20-Feb-19
INZ175,53,173,IN06,18-Aug-19
INZ078,71,24,IN03,30-Jul-19
INZ206,55,40,IN07,23-Jan-19
INZ217,7,173,IN01,16-Nov-19
INZ261,112,74,IN07,20-Dec-19
INZ205,117,106,IN05,9-Jan-19
INZ188,34,56,IN05,16-Feb-19
INZ297,52,15,IN03,23-Jun-19
INZ167,34,46,IN02,30-Jan-19
INZ193,3,27,IN06,17-Aug-19
INZ299,14,183,IN02,2-Aug-19
INZ062,104,107,IN04,30-Sep-19
INZ087,72,0,IN01,1-Jun-19
INZ003,84,110,IN03,19-May-19
INZ204,77,100,IN01,6-Jun-19
INZ296,131,80,IN07,22-Jul-19
INZ176,99,78,IN04,13-Sep-19
INZ232,133,65,IN06,25-Mar-19
INZ017,24,129,IN04,23-Apr-19
INZ047,46,199,IN05,8-Dec-19
INZ121,96,82,IN02,3-Jul-19
INZ026,73,132,IN06,18-Jan-19
INZ001,46,178,IN02,9-Jan-19
INZ082,37,147,IN05,1-Oct-19
INZ023,45,124,IN06,21-Jun-19
INZ194,26,21,IN06,9-Jun-19
INZ147,121,71,IN04,12-Sep-19
INZ091,40,73,IN05,10-Jul-19
INZ274,72,132,IN02,7-Oct-19
INZ262,138,19,IN07,9-Feb-19
INZ040,112,196,IN01,5-Jan-19
INZ147,128,25,IN04,15-May-19
INZ276,141,146,IN02,2-Jun-19
INZ300,91,183,IN07,15-Dec-19
INZ263,35,195,IN06,9-Aug-19
INZ136,137,62,IN03,28-Feb-19
INZ114,64,121,IN01,24-Feb-19
INZ175,32,168,IN02,12-Jun-19
INZ072,106,47,IN03,24-Mar-19
INZ121,78,40,IN05,23-Feb-19
INZ066,20,187,IN04,21-Mar-19
INZ293,61,8,IN06,5-Dec-19
INZ226,56,132,IN04,8-Nov-19
INZ153,57,67,IN02,29-Nov-19
INZ221,110,43,IN06,30-Sep-19
INZ278,34,92,IN06,27-Jul-19
INZ080,49,192,IN02,24-Mar-19
INZ097,132,187,IN07,16-Aug-19
INZ266,125,173,IN03,30-Jul-19
INZ125,117,55,IN01,9-Aug-19
INZ232,17,32,IN07,10-Apr-19
INZ280,71,119,IN07,27-Aug-19
INZ032,34,160,IN07,24-Jun-19
INZ076,147,177,IN07,27-Nov-19
INZ038,139,59,IN07,23-May-19
INZ039,113,58,IN05,14-Apr-19
INZ062,38,194,IN03,18-Feb-19
INZ107,35,5,IN06,1-Jul-19
INZ060,70,97,IN01,9-Jul-19
INZ270,107,180,IN03,26-Jun-19
INZ079,112,41,IN01,24-Feb-19
INZ070,92,164,IN04,8-Apr-19
INZ100,32,2,IN05,4-Jul-19
INZ177,77,167,IN03,21-Jun-19
INZ125,9,178,IN04,10-Apr-19
INZ183,63,139,IN03,13-Jun-19
INZ104,135,41,IN07,10-Sep-19
INZ237,80,20,IN06,6-Mar-19
INZ206,40,132,IN02,4-Nov-19
INZ046,14,108,IN06,26-Nov-19
INZ104,139,103,IN07,31-Oct-19
INZ015,28,194,IN04,11-May-19
INZ156,13,51,IN02,2-Jun-19
INZ132,40,14,IN05,21-Dec-19
INZ246,81,158,IN01,22-Jan-19
INZ148,10,47,IN04,23-Apr-19
INZ215,16,64,IN04,22-Jul-19
INZ080,97,38,IN01,6-Jun-19
INZ033,41,123,IN05,24-Jan-19
INZ120,132,121,IN04,25-Feb-19
INZ125,3,92,IN05,26-Mar-19
INZ238,88,181,IN04,3-Nov-19
INZ002,51,26,IN06,17-Dec-19
INZ122,51,116,IN07,12-Jan-19
INZ209,53,154,IN03,30-Jul-19
INZ063,50,140,IN05,12-Jun-19
INZ196,20,79,IN07,25-Aug-19
INZ094,66,106,IN02,8-Oct-19
INZ071,106,90,IN07,24-Jun-19
INZ273,26,122,IN04,4-Feb-19
INZ268,69,10,IN03,17-Oct-19
INZ027,55,99,IN03,11-Jul-19
INZ177,138,157,IN03,15-Feb-19
INZ097,52,64,IN01,26-Oct-19
INZ069,109,49,IN06,28-Apr-19
INZ180,70,72,IN01,15-Mar-19
INZ144,125,181,IN03,4-Oct-19
INZ025,7,111,IN01,9-Apr-19
INZ067,131,191,IN05,5-Oct-19
INZ131,81,167,IN02,12-Feb-19
INZ152,65,131,IN02,22-Jul-19
INZ220,132,190,IN04,12-Oct-19
INZ173,14,38,IN06,26-Apr-19
INZ243,106,119,IN07,29-May-19
INZ287,110,137,IN02,20-Jun-19
INZ012,14,150,IN03,5-Dec-19
INZ124,27,99,IN05,12-Jan-19
INZ143,71,121,IN01,10-Feb-19
INZ216,95,122,IN02,6-Nov-19
INZ124,135,64,IN02,21-Dec-19
INZ196,26,23,IN05,4-Nov-19
INZ130,79,128,IN07,23-Aug-19
INZ149,130,159,IN04,23-Nov-19
INZ112,110,94,IN02,16-Dec-19
INZ228,81,119,IN01,30-Mar-19
INZ101,2,73,IN07,14-Nov-19
INZ082,88,53,IN02,24-Oct-19
INZ153,11,135,IN03,9-Jan-19
INZ143,27,66,IN05,19-Sep-19
INZ126,107,199,IN01,23-Jul-19
INZ036,113,5,IN04,7-Jan-19
INZ278,51,46,IN02,16-Nov-19
INZ154,16,75,IN01,17-May-19
INZ281,146,176,IN03,13-Jul-19
INZ256,134,103,IN01,4-Dec-19
INZ282,134,125,IN02,27-May-19
INZ115,46,135,IN07,11-Jun-19
INZ137,49,145,IN02,8-Oct-19
INZ277,88,112,IN04,25-Jan-19
INZ101,77,179,IN02,27-Aug-19
INZ204,66,61,IN02,23-Mar-19
INZ240,99,33,IN04,6-Feb-19
INZ235,147,167,IN05,20-Sep-19
INZ233,148,165,IN05,5-Nov-19
INZ051,91,28,IN01,1-Jul-19
INZ227,91,200,IN02,11-Jun-19
INZ094,18,172,IN07,1-Sep-19
INZ047,139,144,IN01,25-Aug-19
INZ210,69,93,IN02,10-Jul-19
INZ089,113,100,IN01,30-Apr-19
INZ006,37,103,IN07,12-Dec-19
INZ216,107,198,IN05,14-Aug-19
INZ268,86,12,IN07,20-Dec-19
INZ069,126,76,IN06,29-Apr-19
INZ226,137,90,IN02,27-Jan-19
INZ067,103,81,IN04,23-Jan-19
INZ200,99,31,IN02,21-Sep-19
INZ263,56,29,IN06,23-Feb-19
INZ113,44,185,IN02,21-Apr-19
INZ239,19,35,IN01,7-Nov-19
INZ060,38,60,IN07,9-Sep-19
INZ183,67,129,IN03,23-Jun-19
INZ177,32,36,IN05,26-Sep-19
INZ039,98,58,IN05,21-Mar-19
INZ253,44,181,IN04,13-Sep-19
INZ258,116,164,IN04,31-Jan-19
INZ199,105,33,IN02,9-Jul-19
INZ108,14,33,IN06,8-Sep-19
INZ270,107,129,IN07,26-Aug-19
INZ077,119,68,IN02,10-Apr-19
INZ018,114,179,IN06,7-Oct-19
INZ243,149,19,IN05,6-Feb-19
INZ188,77,136,IN04,21-May-19
INZ180,125,18,IN02,31-Jul-19
INZ042,147,70,IN07,15-Apr-19
INZ267,83,115,IN04,17-Jul-19
INZ237,144,168,IN05,28-Jan-19
INZ009,69,39,IN07,15-Feb-19
INZ153,27,86,IN06,11-Mar-19
INZ119,61,21,IN02,14-Jun-19
INZ292,4,181,IN03,12-Oct-19
INZ076,65,160,IN02,9-Dec-19
INZ051,69,25,IN02,18-Dec-19
INZ226,101,144,IN07,9-Apr-19
INZ142,99,171,IN03,10-May-19
INZ194,35,195,IN05,24-Jan-19
INZ068,1,80,IN04,31-Jul-19
INZ206,77,122,IN02,8-May-19
INZ167,69,93,IN01,29-May-19
INZ223,65,17,IN02,12-Jul-19
INZ215,105,67,IN07,12-Aug-19
INZ266,27,148,IN01,24-Aug-19
INZ291,46,53,IN05,2-Nov-19
INZ269,74,5,IN06,1-Jun-19
INZ276,47,111,IN01,21-Sep-19
INZ073,139,84,IN05,4-Dec-19
INZ158,113,68,IN01,11-Aug-19
INZ133,89,44,IN02,26-Aug-19
INZ054,27,159,IN04,19-May-19
INZ147,96,188,IN07,18-Apr-19
INZ042,6,185,IN02,31-Jan-19
INZ185,61,112,IN05,24-May-19
INZ252,94,191,IN07,18-Jan-19
INZ218,148,103,IN06,16-Apr-19
INZ072,92,167,IN06,24-Oct-19
INZ252,53,7,IN02,4-May-19
INZ042,61,109,IN03,27-Aug-19
INZ204,102,46,IN02,15-Sep-19
INZ217,74,110,IN05,24-Apr-19
INZ119,122,26,IN04,3-Mar-19
INZ033,58,96,IN04,12-Aug-19
INZ273,114,120,IN02,5-Dec-19
INZ104,37,133,IN07,28-Apr-19
INZ048,124,58,IN04,5-Feb-19
INZ286,135,80,IN07,6-Dec-19
INZ244,10,116,IN03,10-Jul-19
INZ059,137,57,IN03,8-May-19
INZ009,82,45,IN06,24-Sep-19
INZ034,86,167,IN05,21-Jan-19
INZ124,64,15,IN06,13-Nov-19
INZ057,5,62,IN03,21-Oct-19
INZ239,80,141,IN01,19-Sep-19
INZ206,84,148,IN06,15-Dec-19
INZ021,51,90,IN05,14-May-19
INZ044,44,63,IN04,17-Nov-19
INZ121,86,167,IN02,24-Apr-19
INZ178,55,9,IN02,29-Jan-19
INZ014,70,57,IN06,21-Mar-19
INZ131,33,121,IN06,10-Dec-19
INZ075,70,188,IN06,6-Mar-19
INZ223,142,127,IN07,22-Jun-19
INZ219,57,0,IN07,26-Sep-19
INZ163,97,159,IN01,17-Sep-19
INZ073,141,145,IN05,18-Oct-19
INZ300,47,194,IN03,19-Mar-19
INZ083,3,40,IN06,15-Oct-19
INZ121,95,106,IN06,12-Aug-19
INZ181,2,196,IN03,18-May-19
INZ096,132,18,IN07,28-Jul-19
INZ288,51,98,IN06,30-Jan-19
INZ280,41,2,IN01,13-Sep-19
INZ057,50,165,IN02,3-Jun-19
INZ010,43,131,IN06,24-Feb-19
INZ298,122,117,IN02,30-Jun-19
INZ139,82,128,IN02,19-Aug-19
INZ126,120,112,IN05,30-Jan-19
INZ035,77,132,IN04,18-Jun-19
INZ003,94,176,IN03,5-Sep-19
INZ007,128,157,IN06,22-Sep-19
INZ118,65,84,IN06,9-Oct-19
INZ230,39,135,IN02,16-Sep-19
INZ208,35,9,IN07,10-Mar-19
INZ021,24,85,IN04,2-Feb-19
INZ231,48,176,IN03,17-Jun-19
INZ102,111,199,IN04,17-Jan-19
INZ109,75,146,IN03,10-May-19
INZ253,115,90,IN02,3-Oct-19
INZ296,5,139,IN05,9-Aug-19
INZ054,47,6,IN04,7-Apr-19
INZ145,118,48,IN01,22-Feb-19
INZ079,110,89,IN07,19-Aug-19
INZ229,101,30,IN07,31-Mar-19
INZ069,18,22,IN04,9-Nov-19
INZ097,7,64,IN02,15-Feb-19
INZ214,19,52,IN02,28-Nov-19
INZ114,1,192,IN05,14-Jun-19
INZ269,112,122,IN05,5-Dec-19
INZ285,19,111,IN03,7-Jan-19
INZ074,38,181,IN04,6-Jul-19
INZ082,61,19,IN02,20-Feb-19
INZ064,145,175,IN02,27-Oct-19
INZ150,35,136,IN04,23-Aug-19
INZ144,85,72,IN04,9-Feb-19
INZ006,129,196,IN02,3-Dec-19
INZ122,126,62,IN02,7-Mar-19
INZ049,134,21,IN06,21-Nov-19
INZ009,141,157,IN06,21-Jan-19
INZ086,89,14,IN01,30-Aug-19
INZ186,76,53,IN06,31-Jan-19
INZ164,147,172,IN01,28-Mar-19
INZ252,146,59,IN06,4-Mar-19
INZ185,126,154,IN07,5-May-19
INZ047,120,86,IN07,17-Feb-19
INZ159,42,53,IN05,11-Sep-19
INZ138,55,35,IN06,20-Jun-19
INZ064,149,188,IN01,18-Feb-19
INZ056,76,131,IN06,26-Jan-19
INZ134,114,13,IN01,20-May-19
INZ240,114,109,IN04,21-Nov-19
INZ149,47,98,IN01,20-Jun-19
INZ157,73,147,IN06,12-Aug-19
INZ150,131,99,IN01,29-Jan-19
INZ225,8,144,IN04,19-Aug-19
INZ030,26,86,IN07,9-Jan-19
INZ168,145,66,IN02,15-Feb-19
INZ276,56,101,IN01,5-Jul-19
INZ158,123,112,IN05,17-Oct-19
INZ042,86,161,IN01,29-Mar-19
INZ066,124,152,IN02,23-Feb-19
INZ212,119,83,IN02,22-Nov-19
INZ209,78,23,IN06,8-Sep-19
INZ085,90,153,IN02,26-Jun-19
INZ223,141,138,IN01,15-Mar-19
INZ131,55,0,IN01,1-Feb-19
INZ075,140,196,IN02,29-Oct-19
INZ297,122,64,IN02,9-Feb-19
INZ175,84,135,IN05,15-Jul-19
INZ110,127,44,IN02,5-Jul-19
INZ202,44,87,IN05,17-Jun-19
INZ145,26,118,IN05,4-Sep-19
INZ281,98,180,IN07,1-Aug-19
INZ239,137,80,IN06,17-Aug-19
INZ243,117,76,IN05,16-Mar-19
INZ030,98,59,IN01,24-Aug-19
INZ199,80,72,IN03,11-Sep-19
INZ005,43,91,IN02,16-Jun-19
INZ113,22,85,IN05,16-Jun-19
INZ071,42,27,IN03,16-Jan-19
INZ199,57,55,IN05,4-Nov-19
INZ073,35,16,IN04,16-Sep-19
INZ055,6,182,IN05,18-Jan-19
INZ233,99,162,IN04,14-Nov-19
INZ179,83,152,IN06,30-Jan-19
INZ228,13,123,IN01,27-Apr-19
INZ239,144,191,IN04,4-Feb-19
INZ015,119,150,IN05,8-Feb-19
INZ061,73,105,IN07,1-Mar-19
INZ122,100,178,IN02,30-Oct-19
INZ191,83,129,IN04,4-Jun-19
INZ200,13,78,IN02,23-May-19
INZ137,91,4,IN01,26-Jun-19
INZ050,101,174,IN03,13-May-19
INZ205,17,119,IN06,24-Oct-19
INZ092,41,7,IN02,11-Mar-19
INZ139,35,114,IN01,30-Aug-19
INZ277,56,153,IN05,12-Aug-19
INZ271,18,4,IN03,4-Jul-19
INZ217,56,149,IN05,29-Jul-19
INZ143,25,5,IN02,13-Jul-19
INZ222,91,132,IN03,29-Aug-19
INZ149,37,152,IN03,11-Mar-19
INZ297,71,179,IN01,26-Aug-19
INZ061,35,133,IN06,30-Mar-19
INZ262,141,194,IN04,5-Jul-19
INZ244,62,72,IN07,28-Feb-19
INZ084,96,34,IN01,16-Feb-19
INZ191,28,136,IN04,31-Oct-19
INZ244,9,105,IN03,5-Apr-19
INZ062,15,41,IN02,14-Aug-19
INZ095,2,192,IN03,4-Apr-19
INZ239,136,145,IN05,19-Jan-19
INZ037,102,196,IN06,17-Jun-19
INZ130,57,60,IN06,7-Feb-19
INZ218,144,110,IN06,2-Jul-19
INZ051,150,30,IN06,8-Jan-19
INZ015,59,151,IN05,26-Aug-19
INZ133,94,19,IN07,12-May-19
INZ271,106,68,IN06,21-Jun-19
INZ039,29,123,IN07,25-Mar-19
INZ089,72,9,IN03,21-Sep-19
INZ103,40,163,IN01,31-Aug-19
INZ233,127,131,IN03,11-Nov-19
INZ245,103,67,IN03,8-Sep-19
INZ244,104,12,IN04,6-Sep-19
INZ121,87,94,IN04,5-Aug-19
INZ052,91,189,IN06,7-Mar-19
INZ055,86,144,IN03,18-Nov-19
INZ292,37,176,IN05,4-Sep-19
INZ108,108,125,IN06,22-Oct-19
INZ256,91,104,IN07,13-Jul-19
INZ087,144,139,IN05,28-Jun-19
INZ190,15,114,IN05,7-Oct-19
INZ174,138,85,IN02,20-Dec-19
INZ093,30,158,IN05,19-Nov-19
INZ272,69,168,IN04,9-Jan-19
INZ136,123,98,IN02,15-Jun-19
INZ077,88,174,IN04,18-Feb-19
INZ197,69,110,IN04,11-Aug-19
INZ291,115,174,IN02,8-Dec-19
INZ223,23,77,IN04,22-Nov-19
INZ174,131,50,IN04,9-Jul-19
INZ085,62,190,IN05,6-Feb-19
INZ046,28,7,IN04,18-Oct-19
INZ005,149,7,IN04,22-Sep-19
INZ124,119,156,IN07,26-Jun-19
INZ228,64,55,IN05,3-May-19
INZ069,97,63,IN02,27-May-19
INZ062,67,176,IN07,24-Jul-19
INZ011,140,154,IN04,12-Sep-19
INZ148,94,161,IN03,15-Dec-19
INZ225,106,191,IN03,15-May-19
INZ077,143,197,IN05,19-Dec-19
INZ048,1,28,IN04,3-Apr-19
INZ126,27,109,IN07,27-Aug-19
INZ070,41,167,IN07,2-Dec-19
INZ171,56,22,IN06,22-Jul-19
INZ268,116,67,IN04,4-May-19
INZ271,32,7,IN05,21-Mar-19
INZ022,85,38,IN06,22-Sep-19
INZ043,122,65,IN05,11-Dec-19
INZ089,61,5,IN05,26-Nov-19
INZ117,143,3,IN06,1-Jun-19
INZ112,41,194,IN02,13-Mar-19
INZ002,14,80,IN04,30-Jun-19
INZ216,45,129,IN01,1-May-19
INZ228,134,97,IN01,26-Nov-19
INZ189,37,98,IN06,15-Apr-19
INZ296,2,109,IN06,27-Jan-19
INZ211,76,39,IN07,9-Oct-19
INZ162,71,95,IN01,19-Apr-19
INZ259,105,105,IN03,25-Apr-19
INZ213,105,193,IN03,24-May-19
INZ261,51,137,IN02,17-Jan-19
INZ040,37,80,IN02,31-Oct-19
INZ300,58,118,IN06,23-Aug-19
INZ295,7,25,IN01,6-Jan-19
INZ010,114,102,IN06,17-Apr-19
INZ266,118,28,IN05,31-Aug-19
INZ008,23,142,IN05,27-Jul-19
INZ052,119,127,IN02,26-Jan-19
INZ088,93,127,IN04,17-Oct-19
INZ145,109,19,IN01,7-Dec-19
INZ078,84,66,IN04,11-May-19
INZ130,123,61,IN05,5-Apr-19
INZ282,148,142,IN06,7-Nov-19
INZ088,100,45,IN05,11-Aug-19
INZ112,126,179,IN06,20-Jun-19
INZ124,123,188,IN05,4-Apr-19
INZ128,139,85,IN03,25-May-19
INZ204,61,143,IN06,3-Dec-19
INZ287,64,98,IN03,9-Apr-19
INZ121,50,59,IN01,3-Oct-19
INZ160,51,107,IN03,12-Feb-19
INZ268,100,133,IN02,23-Nov-19
INZ203,40,12,IN02,3-Sep-19
INZ012,35,89,IN03,22-Aug-19
INZ170,114,193,IN03,7-Oct-19
INZ035,112,172,IN02,24-Jan-19
INZ063,138,100,IN05,12-Dec-19
INZ209,135,122,IN01,3-Oct-19
INZ249,25,166,IN03,4-Nov-19
INZ108,143,161,IN03,7-Dec-19
INZ122,133,88,IN05,1-Apr-19
INZ102,74,197,IN05,14-Oct-19
INZ016,24,73,IN06,11-Apr-19
INZ284,52,25,IN06,1-Jul-19
INZ203,17,101,IN02,30-Jul-19
INZ287,76,170,IN01,29-Sep-19
INZ205,88,26,IN05,21-Mar-19
INZ241,32,92,IN06,24-Sep-19
INZ242,137,88,IN01,26-Jan-19
INZ134,149,49,IN05,1-May-19
INZ243,82,155,IN05,9-Feb-19
INZ267,130,43,IN06,23-Feb-19
INZ068,68,99,IN06,27-Mar-19
INZ028,60,165,IN06,1-Jul-19
INZ194,30,11,IN01,21-Sep-19
INZ243,54,141,IN05,12-Sep-19
INZ252,9,119,IN07,26-Aug-19
INZ041,72,143,IN05,7-Oct-19
INZ167,103,85,IN02,19-Jun-19
INZ233,49,33,IN04,18-Nov-19
INZ264,114,74,IN01,22-Aug-19
INZ275,106,80,IN05,2-May-19
INZ179,150,181,IN01,24-Jul-19
INZ187,43,63,IN03,24-Jan-19
INZ048,101,14,IN05,18-Apr-19
INZ177,107,156,IN03,5-Aug-19
INZ197,117,71,IN01,18-Sep-19
INZ069,24,118,IN04,24-Oct-19
INZ104,67,31,IN01,5-Jul-19
INZ270,52,164,IN06,19-Jan-19
INZ063,35,169,IN05,20-Mar-19
INZ083,42,171,IN06,30-Sep-19
INZ247,58,117,IN06,25-Jul-19
INZ182,14,163,IN06,25-Mar-19
INZ227,52,45,IN05,12-Apr-19
INZ190,84,15,IN06,20-Jun-19
INZ224,138,154,IN01,4-Mar-19
INZ076,64,132,IN02,12-Feb-19
INZ015,68,82,IN03,25-Jul-19
INZ037,79,125,IN07,21-Mar-19
INZ141,108,53,IN03,2-Jun-19
INZ232,30,156,IN01,9-Jul-19
INZ291,32,194,IN03,14-Aug-19
INZ299,128,145,IN07,31-Aug-19
INZ026,129,153,IN02,19-Nov-19
INZ249,97,56,IN01,24-Mar-19
INZ116,62,85,IN06,14-Oct-19
INZ057,134,99,IN07,12-Aug-19
INZ165,49,169,IN05,2-Sep-19
INZ056,147,14,IN04,17-Sep-19
INZ074,31,124,IN02,26-Oct-19
INZ056,27,117,IN03,17-Dec-19
INZ263,56,17,IN03,7-Sep-19
INZ023,130,84,IN03,25-Aug-19
INZ270,46,191,IN06,21-Dec-19
INZ086,22,62,IN02,17-Dec-19
INZ151,79,42,IN02,11-May-19
INZ139,75,23,IN07,1-Aug-19
INZ139,103,60,IN01,23-Aug-19
INZ143,40,24,IN01,3-Dec-19
INZ166,40,8,IN06,30-Aug-19
INZ158,60,114,IN04,26-Mar-19
INZ273,52,200,IN05,30-Sep-19
INZ226,112,162,IN06,28-May-19
INZ163,15,112,IN07,15-Sep-19
INZ244,1,145,IN03,1-Sep-19
INZ268,93,4,IN06,27-Aug-19
INZ079,80,30,IN05,11-Dec-19
INZ016,81,95,IN03,23-Sep-19
INZ246,21,101,IN04,6-Sep-19
INZ127,42,88,IN02,14-Sep-19
INZ095,17,94,IN03,22-Aug-19
INZ019,58,188,IN06,3-Nov-19
INZ254,18,97,IN07,1-Jul-19
INZ243,24,167,IN05,14-Aug-19
INZ225,99,133,IN05,20-Jun-19
INZ179,14,25,IN04,22-Feb-19
INZ229,118,170,IN01,4-Sep-19
INZ068,105,73,IN07,11-Aug-19
INZ123,14,141,IN07,10-Oct-19
INZ248,41,111,IN04,6-Oct-19
INZ095,71,196,IN03,15-Jun-19
INZ242,134,184,IN04,17-Jun-19
INZ039,11,158,IN02,8-Jan-19
INZ123,147,13,IN03,2-May-19
INZ255,49,40,IN07,7-Jul-19
INZ065,110,197,IN02,22-Oct-19
INZ021,49,43,IN02,11-Jul-19
INZ273,149,133,IN04,4-Oct-19
INZ200,3,78,IN06,2-May-19
INZ092,45,63,IN06,15-Sep-19
INZ167,2,21,IN01,23-Apr-19
INZ084,16,184,IN07,3-Oct-19
INZ277,47,40,IN05,20-Jul-19
INZ169,65,24,IN02,28-Jun-19
INZ131,122,20,IN02,6-Mar-19
INZ023,20,181,IN02,13-Jan-19
INZ134,35,198,IN05,16-Jan-19
INZ265,13,40,IN03,7-Oct-19
INZ111,37,1,IN06,22-Oct-19
INZ235,49,50,IN03,3-May-19
INZ249,21,4,IN01,26-Jan-19
INZ257,54,123,IN02,8-Dec-19
INZ156,119,163,IN07,14-Nov-19
INZ256,89,21,IN07,30-Jul-19
INZ283,25,157,IN05,1-Jul-19
INZ171,110,87,IN02,13-Aug-19
INZ189,47,149,IN01,27-Jan-19
INZ201,43,14,IN02,19-Nov-19
INZ200,148,11,IN01,1-Dec-19
INZ178,65,123,IN05,23-Sep-19
INZ163,111,122,IN05,5-Nov-19
INZ210,37,164,IN03,17-Oct-19
INZ015,72,87,IN02,14-Jun-19
INZ027,101,24,IN03,22-Oct-19
INZ131,80,40,IN04,3-Nov-19
INZ216,83,58,IN01,4-Apr-19
INZ068,2,74,IN01,16-Dec-19
INZ186,85,43,IN07,26-Aug-19
INZ053,32,104,IN01,11-Jun-19
INZ085,29,112,IN05,17-Feb-19
INZ010,27,107,IN04,24-Apr-19
INZ284,143,27,IN07,25-Jun-19
INZ238,68,174,IN01,27-Sep-19
INZ044,108,157,IN07,15-Feb-19
INZ158,147,99,IN04,18-Jul-19
INZ277,99,73,IN04,8-Jan-19
INZ223,17,110,IN04,6-Nov-19
INZ214,3,15,IN06,13-Mar-19
INZ276,106,101,IN04,5-Apr-19
INZ009,78,79,IN03,9-Jun-19
INZ169,22,102,IN04,26-Aug-19
INZ106,4,129,IN04,6-Nov-19
INZ290,111,93,IN04,7-Dec-19
INZ162,1,192,IN01,10-Jul-19
INZ165,31,182,IN04,4-Aug-19
INZ033,17,9,IN04,24-Jun-19
INZ225,125,36,IN06,10-May-19
INZ207,149,115,IN03,4-Mar-19
INZ292,83,35,IN03,26-Mar-19
INZ045,112,153,IN01,11-Jul-19
INZ161,67,20,IN01,2-Apr-19
INZ274,137,77,IN06,19-May-19
INZ073,11,159,IN06,11-Nov-19
INZ169,128,93,IN02,27-Aug-19
INZ245,11,15,IN05,1-Jun-19
INZ147,135,195,IN05,8-Sep-19
INZ165,148,82,IN01,8-Aug-19
INZ024,123,66,IN07,27-Feb-19
INZ137,140,16,IN06,4-Sep-19
INZ241,76,122,IN02,15-Feb-19
INZ297,104,161,IN06,27-Sep-19
INZ119,26,15,IN06,14-Aug-19
INZ273,84,195,IN01,19-Nov-19
INZ008,20,134,IN07,4-Aug-19
INZ284,101,106,IN02,26-Mar-19
INZ092,64,44,IN02,31-Aug-19
INZ268,32,171,IN07,19-Dec-19
INZ255,134,37,IN03,9-Feb-19
INZ236,132,151,IN01,17-Aug-19
INZ054,131,74,IN01,6-Feb-19
INZ296,143,170,IN02,15-Jun-19
INZ198,149,157,IN05,15-Sep-19
INZ245,150,179,IN05,2-Feb-19
INZ201,132,116,IN02,2-Aug-19
INZ193,100,134,IN05,26-Oct-19
INZ217,59,90,IN06,24-Jun-19
INZ041,120,51,IN03,26-Aug-19
INZ116,9,82,IN04,4-Feb-19
INZ191,43,128,IN05,9-Jun-19
INZ134,25,175,IN05,4-Mar-19
INZ078,107,60,IN04,28-Jan-19
INZ073,75,31,IN03,5-May-19
INZ239,55,100,IN06,5-Jan-19
INZ223,81,119,IN02,25-Apr-19
INZ150,115,19,IN05,20-Dec-19
INZ263,105,171,IN04,23-May-19
INZ164,41,158,IN02,1-Nov-19
INZ251,7,35,IN01,20-Jun-19
INZ155,27,167,IN07,3-Feb-19
INZ045,123,140,IN02,9-Jun-19
INZ165,37,56,IN03,25-Oct-19
INZ042,27,48,IN07,7-Oct-19
INZ096,101,190,IN06,9-Jun-19
INZ208,119,34,IN06,22-Feb-19
INZ158,33,180,IN01,15-Aug-19
INZ034,126,39,IN02,11-Aug-19
INZ068,62,110,IN02,4-Jul-19
INZ223,57,38,IN03,13-Mar-19
INZ048,128,29,IN02,22-Mar-19
INZ292,118,17,IN04,25-Nov-19
INZ033,74,103,IN06,13-Feb-19
INZ016,108,131,IN04,22-Nov-19
INZ232,122,58,IN01,7-Nov-19
INZ194,139,4,IN07,19-Aug-19
INZ218,88,87,IN05,11-Jan-19
INZ186,118,32,IN01,25-Feb-19
INZ152,140,112,IN04,27-Jan-19
INZ164,136,172,IN02,19-Jun-19
INZ269,103,86,IN04,30-Aug-19
INZ161,84,193,IN03,12-Aug-19
INZ232,8,162,IN07,10-Apr-19
INZ178,122,53,IN03,11-May-19
INZ065,105,100,IN04,25-Oct-19
INZ250,66,14,IN01,20-Sep-19
INZ077,56,142,IN04,18-Nov-19
INZ275,102,198,IN01,3-Oct-19
INZ015,131,62,IN01,12-Sep-19
INZ045,12,51,IN05,30-Mar-19
INZ258,19,26,IN06,23-Jan-19
INZ239,46,46,IN06,23-Jul-19
INZ033,141,12,IN03,11-Dec-19
INZ046,41,105,IN04,25-May-19
INZ069,48,14,IN01,27-Jul-19
INZ178,22,44,IN02,7-Mar-19
INZ257,18,83,IN06,27-Jun-19
INZ035,116,56,IN01,25-Mar-19
INZ133,41,73,IN01,26-Nov-19
INZ120,8,8,IN04,2-Sep-19
INZ134,121,13,IN03,17-Aug-19
INZ093,82,3,IN04,15-Jul-19
INZ120,114,138,IN07,12-Oct-19
INZ297,131,169,IN01,25-Aug-19
INZ078,124,118,IN05,24-Aug-19
INZ061,41,195,IN02,3-Sep-19
INZ230,104,160,IN01,21-Jul-19
INZ051,68,68,IN05,18-Aug-19
INZ118,149,145,IN07,28-Aug-19
INZ067,2,187,IN02,15-Mar-19
INZ273,115,186,IN01,14-May-19
INZ284,46,143,IN04,19-Dec-19
INZ280,141,131,IN07,6-Jun-19
INZ030,74,115,IN06,29-Apr-19
INZ123,22,15,IN03,29-Aug-19
INZ240,95,77,IN07,7-Oct-19
INZ089,97,149,IN01,2-Sep-19
INZ173,113,52,IN02,6-Mar-19
INZ134,31,157,IN02,3-May-19
INZ240,42,11,IN03,26-Apr-19
INZ205,96,58,IN05,4-Mar-19
INZ271,82,2,IN03,20-Oct-19
INZ069,72,74,IN04,11-May-19
INZ208,17,118,IN01,28-Sep-19
INZ256,2,91,IN07,8-Mar-19
INZ298,78,161,IN01,4-Apr-19
INZ100,94,50,IN04,7-Dec-19
INZ035,137,97,IN01,9-May-19
INZ160,93,10,IN04,11-Nov-19
INZ052,32,107,IN01,18-Feb-19
INZ226,43,157,IN05,13-Apr-19
INZ206,84,99,IN01,15-Nov-19
INZ186,136,117,IN07,12-Apr-19
INZ146,87,39,IN06,13-Jan-19
INZ223,84,89,IN01,5-Mar-19
INZ242,127,22,IN05,1-Jul-19
INZ134,30,133,IN07,26-Feb-19
INZ112,9,138,IN06,2-Sep-19
INZ163,79,62,IN02,10-Jun-19
INZ246,86,85,IN05,30-Jan-19
INZ110,42,172,IN01,31-Oct-19
INZ165,5,12,IN07,9-Jan-19
INZ080,150,149,IN02,15-Jan-19
INZ053,136,144,IN06,19-May-19
INZ283,68,78,IN06,3-Aug-19
INZ256,85,197,IN01,9-Jul-19
INZ150,102,3,IN05,1-Oct-19
INZ067,99,76,IN03,12-May-19
INZ074,147,66,IN03,1-Apr-19
INZ095,114,10,IN03,10-Feb-19
INZ152,29,186,IN04,6-Jun-19
INZ146,124,175,IN05,27-Feb-19
INZ025,64,71,IN06,27-Apr-19
INZ185,21,105,IN02,15-Apr-19
INZ095,93,18,IN05,25-Feb-19
INZ052,4,9,IN01,18-May-19
INZ250,12,60,IN01,31-Mar-19
INZ157,10,22,IN03,8-Nov-19
INZ134,14,169,IN07,8-May-19
INZ149,29,195,IN04,26-Jul-19
INZ001,118,53,IN04,20-Feb-19
INZ273,10,16,IN06,27-Jul-19
INZ173,6,72,IN06,6-Dec-19
INZ118,64,115,IN04,9-Jan-19
INZ211,42,138,IN02,14-Nov-19
INZ295,139,138,IN03,8-May-19
INZ044,19,55,IN02,11-Jan-19
INZ200,46,113,IN01,27-Jul-19
INZ199,7,196,IN05,29-Aug-19
INZ196,4,138,IN01,21-Nov-19
INZ219,43,39,IN06,15-Apr-19
INZ106,141,200,IN04,3-Aug-19
INZ300,128,87,IN07,19-Mar-19
INZ168,82,149,IN07,16-Oct-19
INZ268,126,154,IN04,26-Feb-19
INZ079,88,122,IN03,5-Oct-19
INZ267,45,166,IN06,28-Feb-19
INZ254,96,171,IN03,11-Jan-19
INZ124,102,70,IN05,3-Aug-19
INZ191,61,87,IN05,30-Mar-19
INZ258,97,37,IN05,21-Feb-19
INZ212,102,187,IN06,13-Aug-19
INZ018,97,152,IN06,17-Nov-19
INZ180,50,77,IN05,10-Apr-19
INZ062,50,140,IN04,17-Jan-19
INZ185,24,179,IN05,1-Aug-19
INZ229,18,85,IN01,9-May-19
